physical_quantity;power
2014-04-01 00:00:00+01:00;517
2014-04-01 00:01:00+01:00;1035
2014-04-01 00:02:00+01:00;878
2014-04-01 00:03:00+01:00;946
2014-04-01 00:04:00+01:00;573
2014-04-01 00:05:00+01:00;1333
2014-04-01 00:06:00+01:00;463
2014-04-01 00:07:00+01:00;445
2014-04-01 00:08:00+01:00;642
2014-04-01 00:09:00+01:00;1440
2014-04-01 00:10:00+01:00;953
2014-04-01 00:11:00+01:00;1140
2014-04-01 00:12:00+01:00;550
2014-04-01 00:13:00+01:00;747
2014-04-01 00:14:00+01:00;903
2014-04-01 00:15:00+01:00;631
2014-04-01 00:16:00+01:00;537
2014-04-01 00:17:00+01:00;926
2014-04-01 00:18:00+01:00;1172
2014-04-01 00:19:00+01:00;1421
2014-04-01 00:20:00+01:00;1423
2014-04-01 00:21:00+01:00;711
2014-04-01 00:22:00+01:00;1243
2014-04-01 00:23:00+01:00;1653
2014-04-01 00:24:00+01:00;2801
2014-04-01 00:25:00+01:00;2874
2014-04-01 00:26:00+01:00;2484
2014-04-01 00:27:00+01:00;3123
2014-04-01 00:28:00+01:00;3088
2014-04-01 00:29:00+01:00;2599
2014-04-01 00:30:00+01:00;2445
2014-04-01 00:31:00+01:00;2473
2014-04-01 00:32:00+01:00;2593
2014-04-01 00:33:00+01:00;2259
2014-04-01 00:34:00+01:00;3058
2014-04-01 00:35:00+01:00;2988
2014-04-01 00:36:00+01:00;640
2014-04-01 00:37:00+01:00;937
2014-04-01 00:38:00+01:00;672
2014-04-01 00:39:00+01:00;934
2014-04-01 00:40:00+01:00;490
2014-04-01 00:41:00+01:00;971
2014-04-01 00:42:00+01:00;806
2014-04-01 00:43:00+01:00;1368
2014-04-01 00:44:00+01:00;1234
2014-04-01 00:45:00+01:00;1453
2014-04-01 00:46:00+01:00;1396
2014-04-01 00:47:00+01:00;917
2014-04-01 00:48:00+01:00;1318
2014-04-01 00:49:00+01:00;603
2014-04-01 00:50:00+01:00;517
2014-04-01 00:51:00+01:00;1294
2014-04-01 00:52:00+01:00;1240
2014-04-01 00:53:00+01:00;538
2014-04-01 00:54:00+01:00;724
2014-04-01 00:55:00+01:00;690
2014-04-01 00:56:00+01:00;1012
2014-04-01 00:57:00+01:00;1031
2014-04-01 00:58:00+01:00;1417
2014-04-01 00:59:00+01:00;1108
2014-04-01 01:00:00+01:00;1250
2014-04-01 01:01:00+01:00;1050
2014-04-01 01:02:00+01:00;667
2014-04-01 01:03:00+01:00;708
2014-04-01 01:04:00+01:00;924
2014-04-01 01:05:00+01:00;811
2014-04-01 01:06:00+01:00;1021
2014-04-01 01:07:00+01:00;467
2014-04-01 01:08:00+01:00;1094
2014-04-01 01:09:00+01:00;1258
2014-04-01 01:10:00+01:00;1330
2014-04-01 01:11:00+01:00;667
2014-04-01 01:12:00+01:00;1250
2014-04-01 01:13:00+01:00;896
2014-04-01 01:14:00+01:00;1071
2014-04-01 01:15:00+01:00;1294
2014-04-01 01:16:00+01:00;1075
2014-04-01 01:17:00+01:00;523
2014-04-01 01:18:00+01:00;907
2014-04-01 01:19:00+01:00;1017
2014-04-01 01:20:00+01:00;1060
2014-04-01 01:21:00+01:00;1290
2014-04-01 01:22:00+01:00;1343
2014-04-01 01:23:00+01:00;551
2014-04-01 01:24:00+01:00;867
2014-04-01 01:25:00+01:00;841
2014-04-01 01:26:00+01:00;1608
2014-04-01 01:27:00+01:00;758
2014-04-01 01:28:00+01:00;995
2014-04-01 01:29:00+01:00;702
2014-04-01 01:30:00+01:00;1266
2014-04-01 01:31:00+01:00;1470
2014-04-01 01:32:00+01:00;1322
2014-04-01 01:33:00+01:00;1321
2014-04-01 01:34:00+01:00;1269
2014-04-01 01:35:00+01:00;1276
2014-04-01 01:36:00+01:00;714
2014-04-01 01:37:00+01:00;1590
2014-04-01 01:38:00+01:00;1122
2014-04-01 01:39:00+01:00;1609
2014-04-01 01:40:00+01:00;1242
2014-04-01 01:41:00+01:00;1020
2014-04-01 01:42:00+01:00;908
2014-04-01 01:43:00+01:00;1041
2014-04-01 01:44:00+01:00;1048
2014-04-01 01:45:00+01:00;761
2014-04-01 01:46:00+01:00;456
2014-04-01 01:47:00+01:00;1368
2014-04-01 01:48:00+01:00;489
2014-04-01 01:49:00+01:00;518
2014-04-01 01:50:00+01:00;1130
2014-04-01 01:51:00+01:00;967
2014-04-01 01:52:00+01:00;1404
2014-04-01 01:53:00+01:00;659
2014-04-01 01:54:00+01:00;1145
2014-04-01 01:55:00+01:00;1094
2014-04-01 01:56:00+01:00;911
2014-04-01 01:57:00+01:00;1186
2014-04-01 01:58:00+01:00;751
2014-04-01 01:59:00+01:00;657
2014-04-01 02:00:00+01:00;666
2014-04-01 02:01:00+01:00;608
2014-04-01 02:02:00+01:00;1202
2014-04-01 02:03:00+01:00;546
2014-04-01 02:04:00+01:00;1189
2014-04-01 02:05:00+01:00;709
2014-04-01 02:06:00+01:00;1235
2014-04-01 02:07:00+01:00;870
2014-04-01 02:08:00+01:00;942
2014-04-01 02:09:00+01:00;1435
2014-04-01 02:10:00+01:00;1187
2014-04-01 02:11:00+01:00;995
2014-04-01 02:12:00+01:00;813
2014-04-01 02:13:00+01:00;839
2014-04-01 02:14:00+01:00;968
2014-04-01 02:15:00+01:00;535
2014-04-01 02:16:00+01:00;491
2014-04-01 02:17:00+01:00;1046
2014-04-01 02:18:00+01:00;655
2014-04-01 02:19:00+01:00;989
2014-04-01 02:20:00+01:00;612
2014-04-01 02:21:00+01:00;579
2014-04-01 02:22:00+01:00;1393
2014-04-01 02:23:00+01:00;1326
2014-04-01 02:24:00+01:00;784
2014-04-01 02:25:00+01:00;753
2014-04-01 02:26:00+01:00;863
2014-04-01 02:27:00+01:00;1419
2014-04-01 02:28:00+01:00;563
2014-04-01 02:29:00+01:00;868
2014-04-01 02:30:00+01:00;1243
2014-04-01 02:31:00+01:00;1185
2014-04-01 02:32:00+01:00;1056
2014-04-01 02:33:00+01:00;564
2014-04-01 02:34:00+01:00;1367
2014-04-01 02:35:00+01:00;518
2014-04-01 02:36:00+01:00;488
2014-04-01 02:37:00+01:00;473
2014-04-01 02:38:00+01:00;1329
2014-04-01 02:39:00+01:00;760
2014-04-01 02:40:00+01:00;792
2014-04-01 02:41:00+01:00;1002
2014-04-01 02:42:00+01:00;1256
2014-04-01 02:43:00+01:00;639
2014-04-01 02:44:00+01:00;563
2014-04-01 02:45:00+01:00;816
2014-04-01 02:46:00+01:00;825
2014-04-01 02:47:00+01:00;1265
2014-04-01 02:48:00+01:00;1184
2014-04-01 02:49:00+01:00;752
2014-04-01 02:50:00+01:00;570
2014-04-01 02:51:00+01:00;1283
2014-04-01 02:52:00+01:00;882
2014-04-01 02:53:00+01:00;956
2014-04-01 02:54:00+01:00;478
2014-04-01 02:55:00+01:00;885
2014-04-01 02:56:00+01:00;705
2014-04-01 02:57:00+01:00;1015
2014-04-01 02:58:00+01:00;821
2014-04-01 02:59:00+01:00;698
2014-04-01 03:00:00+01:00;898
2014-04-01 03:01:00+01:00;546
2014-04-01 03:02:00+01:00;1376
2014-04-01 03:03:00+01:00;424
2014-04-01 03:04:00+01:00;660
2014-04-01 03:05:00+01:00;1044
2014-04-01 03:06:00+01:00;911
2014-04-01 03:07:00+01:00;1401
2014-04-01 03:08:00+01:00;1184
2014-04-01 03:09:00+01:00;571
2014-04-01 03:10:00+01:00;661
2014-04-01 03:11:00+01:00;1273
2014-04-01 03:12:00+01:00;1044
2014-04-01 03:13:00+01:00;1363
2014-04-01 03:14:00+01:00;1416
2014-04-01 03:15:00+01:00;1063
2014-04-01 03:16:00+01:00;1113
2014-04-01 03:17:00+01:00;857
2014-04-01 03:18:00+01:00;919
2014-04-01 03:19:00+01:00;674
2014-04-01 03:20:00+01:00;952
2014-04-01 03:21:00+01:00;1287
2014-04-01 03:22:00+01:00;451
2014-04-01 03:23:00+01:00;1023
2014-04-01 03:24:00+01:00;837
2014-04-01 03:25:00+01:00;1161
2014-04-01 03:26:00+01:00;460
2014-04-01 03:27:00+01:00;637
2014-04-01 03:28:00+01:00;529
2014-04-01 03:29:00+01:00;770
2014-04-01 03:30:00+01:00;1209
2014-04-01 03:31:00+01:00;555
2014-04-01 03:32:00+01:00;494
2014-04-01 03:33:00+01:00;805
2014-04-01 03:34:00+01:00;455
2014-04-01 03:35:00+01:00;826
2014-04-01 03:36:00+01:00;1227
2014-04-01 03:37:00+01:00;1294
2014-04-01 03:38:00+01:00;714
2014-04-01 03:39:00+01:00;1261
2014-04-01 03:40:00+01:00;694
2014-04-01 03:41:00+01:00;1449
2014-04-01 03:42:00+01:00;608
2014-04-01 03:43:00+01:00;762
2014-04-01 03:44:00+01:00;1004
2014-04-01 03:45:00+01:00;1050
2014-04-01 03:46:00+01:00;1342
2014-04-01 03:47:00+01:00;641
2014-04-01 03:48:00+01:00;713
2014-04-01 03:49:00+01:00;1103
2014-04-01 03:50:00+01:00;1308
2014-04-01 03:51:00+01:00;737
2014-04-01 03:52:00+01:00;1101
2014-04-01 03:53:00+01:00;768
2014-04-01 03:54:00+01:00;1407
2014-04-01 03:55:00+01:00;817
2014-04-01 03:56:00+01:00;513
2014-04-01 03:57:00+01:00;706
2014-04-01 03:58:00+01:00;619
2014-04-01 03:59:00+01:00;709
2014-04-01 04:00:00+01:00;788
2014-04-01 04:01:00+01:00;1355
2014-04-01 04:02:00+01:00;804
2014-04-01 04:03:00+01:00;581
2014-04-01 04:04:00+01:00;1131
2014-04-01 04:05:00+01:00;884
2014-04-01 04:06:00+01:00;794
2014-04-01 04:07:00+01:00;687
2014-04-01 04:08:00+01:00;1033
2014-04-01 04:09:00+01:00;1093
2014-04-01 04:10:00+01:00;1324
2014-04-01 04:11:00+01:00;611
2014-04-01 04:12:00+01:00;1141
2014-04-01 04:13:00+01:00;801
2014-04-01 04:14:00+01:00;1121
2014-04-01 04:15:00+01:00;812
2014-04-01 04:16:00+01:00;1430
2014-04-01 04:17:00+01:00;1109
2014-04-01 04:18:00+01:00;1086
2014-04-01 04:19:00+01:00;1455
2014-04-01 04:20:00+01:00;676
2014-04-01 04:21:00+01:00;933
2014-04-01 04:22:00+01:00;516
2014-04-01 04:23:00+01:00;908
2014-04-01 04:24:00+01:00;1349
2014-04-01 04:25:00+01:00;1412
2014-04-01 04:26:00+01:00;434
2014-04-01 04:27:00+01:00;524
2014-04-01 04:28:00+01:00;610
2014-04-01 04:29:00+01:00;656
2014-04-01 04:30:00+01:00;1347
2014-04-01 04:31:00+01:00;723
2014-04-01 04:32:00+01:00;500
2014-04-01 04:33:00+01:00;641
2014-04-01 04:34:00+01:00;570
2014-04-01 04:35:00+01:00;494
2014-04-01 04:36:00+01:00;1026
2014-04-01 04:37:00+01:00;1049
2014-04-01 04:38:00+01:00;1251
2014-04-01 04:39:00+01:00;1381
2014-04-01 04:40:00+01:00;764
2014-04-01 04:41:00+01:00;1052
2014-04-01 04:42:00+01:00;1023
2014-04-01 04:43:00+01:00;1286
2014-04-01 04:44:00+01:00;1125
2014-04-01 04:45:00+01:00;1085
2014-04-01 04:46:00+01:00;567
2014-04-01 04:47:00+01:00;1106
2014-04-01 04:48:00+01:00;1055
2014-04-01 04:49:00+01:00;794
2014-04-01 04:50:00+01:00;572
2014-04-01 04:51:00+01:00;982
2014-04-01 04:52:00+01:00;913
2014-04-01 04:53:00+01:00;835
2014-04-01 04:54:00+01:00;1588
2014-04-01 04:55:00+01:00;761
2014-04-01 04:56:00+01:00;1057
2014-04-01 04:57:00+01:00;1380
2014-04-01 04:58:00+01:00;1167
2014-04-01 04:59:00+01:00;596
2014-04-01 05:00:00+01:00;1450
2014-04-01 05:01:00+01:00;1451
2014-04-01 05:02:00+01:00;960
2014-04-01 05:03:00+01:00;1491
2014-04-01 05:04:00+01:00;980
2014-04-01 05:05:00+01:00;768
2014-04-01 05:06:00+01:00;843
2014-04-01 05:07:00+01:00;697
2014-04-01 05:08:00+01:00;635
2014-04-01 05:09:00+01:00;1107
2014-04-01 05:10:00+01:00;1384
2014-04-01 05:11:00+01:00;1500
2014-04-01 05:12:00+01:00;906
2014-04-01 05:13:00+01:00;570
2014-04-01 05:14:00+01:00;1452
2014-04-01 05:15:00+01:00;579
2014-04-01 05:16:00+01:00;1119
2014-04-01 05:17:00+01:00;996
2014-04-01 05:18:00+01:00;847
2014-04-01 05:19:00+01:00;1129
2014-04-01 05:20:00+01:00;685
2014-04-01 05:21:00+01:00;694
2014-04-01 05:22:00+01:00;655
2014-04-01 05:23:00+01:00;977
2014-04-01 05:24:00+01:00;699
2014-04-01 05:25:00+01:00;606
2014-04-01 05:26:00+01:00;1323
2014-04-01 05:27:00+01:00;1558
2014-04-01 05:28:00+01:00;791
2014-04-01 05:29:00+01:00;983
2014-04-01 05:30:00+01:00;571
2014-04-01 05:31:00+01:00;1209
2014-04-01 05:32:00+01:00;863
2014-04-01 05:33:00+01:00;964
2014-04-01 05:34:00+01:00;1161
2014-04-01 05:35:00+01:00;594
2014-04-01 05:36:00+01:00;1381
2014-04-01 05:37:00+01:00;1459
2014-04-01 05:38:00+01:00;803
2014-04-01 05:39:00+01:00;886
2014-04-01 05:40:00+01:00;1203
2014-04-01 05:41:00+01:00;901
2014-04-01 05:42:00+01:00;523
2014-04-01 05:43:00+01:00;1176
2014-04-01 05:44:00+01:00;1423
2014-04-01 05:45:00+01:00;1082
2014-04-01 05:46:00+01:00;1260
2014-04-01 05:47:00+01:00;1243
2014-04-01 05:48:00+01:00;870
2014-04-01 05:49:00+01:00;920
2014-04-01 05:50:00+01:00;789
2014-04-01 05:51:00+01:00;1068
2014-04-01 05:52:00+01:00;994
2014-04-01 05:53:00+01:00;928
2014-04-01 05:54:00+01:00;1388
2014-04-01 05:55:00+01:00;559
2014-04-01 05:56:00+01:00;644
2014-04-01 05:57:00+01:00;1193
2014-04-01 05:58:00+01:00;1007
2014-04-01 05:59:00+01:00;1153
2014-04-01 06:00:00+01:00;870
2014-04-01 06:01:00+01:00;1189
2014-04-01 06:02:00+01:00;1151
2014-04-01 06:03:00+01:00;1690
2014-04-01 06:04:00+01:00;1761
2014-04-01 06:05:00+01:00;1844
2014-04-01 06:06:00+01:00;1654
2014-04-01 06:07:00+01:00;2290
2014-04-01 06:08:00+01:00;2177
2014-04-01 06:09:00+01:00;2035
2014-04-01 06:10:00+01:00;2520
2014-04-01 06:11:00+01:00;1940
2014-04-01 06:12:00+01:00;1612
2014-04-01 06:13:00+01:00;4338
2014-04-01 06:14:00+01:00;4641
2014-04-01 06:15:00+01:00;2160
2014-04-01 06:16:00+01:00;3646
2014-04-01 06:17:00+01:00;3514
2014-04-01 06:18:00+01:00;2943
2014-04-01 06:19:00+01:00;3192
2014-04-01 06:20:00+01:00;2996
2014-04-01 06:21:00+01:00;2875
2014-04-01 06:22:00+01:00;2181
2014-04-01 06:23:00+01:00;2187
2014-04-01 06:24:00+01:00;1967
2014-04-01 06:25:00+01:00;2397
2014-04-01 06:26:00+01:00;1921
2014-04-01 06:27:00+01:00;1876
2014-04-01 06:28:00+01:00;1623
2014-04-01 06:29:00+01:00;2219
2014-04-01 06:30:00+01:00;2095
2014-04-01 06:31:00+01:00;2022
2014-04-01 06:32:00+01:00;1511
2014-04-01 06:33:00+01:00;1810
2014-04-01 06:34:00+01:00;1941
2014-04-01 06:35:00+01:00;1858
2014-04-01 06:36:00+01:00;2047
2014-04-01 06:37:00+01:00;1680
2014-04-01 06:38:00+01:00;1637
2014-04-01 06:39:00+01:00;1728
2014-04-01 06:40:00+01:00;1457
2014-04-01 06:41:00+01:00;2132
2014-04-01 06:42:00+01:00;2036
2014-04-01 06:43:00+01:00;1650
2014-04-01 06:44:00+01:00;1805
2014-04-01 06:45:00+01:00;1721
2014-04-01 06:46:00+01:00;2064
2014-04-01 06:47:00+01:00;2035
2014-04-01 06:48:00+01:00;1656
2014-04-01 06:49:00+01:00;2138
2014-04-01 06:50:00+01:00;2171
2014-04-01 06:51:00+01:00;1866
2014-04-01 06:52:00+01:00;1422
2014-04-01 06:53:00+01:00;2223
2014-04-01 06:54:00+01:00;1739
2014-04-01 06:55:00+01:00;1428
2014-04-01 06:56:00+01:00;1419
2014-04-01 06:57:00+01:00;2144
2014-04-01 06:58:00+01:00;1893
2014-04-01 06:59:00+01:00;1848
2014-04-01 07:00:00+01:00;1761
2014-04-01 07:01:00+01:00;2194
2014-04-01 07:02:00+01:00;1774
2014-04-01 07:03:00+01:00;1320
2014-04-01 07:04:00+01:00;1074
2014-04-01 07:05:00+01:00;1197
2014-04-01 07:06:00+01:00;1264
2014-04-01 07:07:00+01:00;1223
2014-04-01 07:08:00+01:00;945
2014-04-01 07:09:00+01:00;1394
2014-04-01 07:10:00+01:00;792
2014-04-01 07:11:00+01:00;651
2014-04-01 07:12:00+01:00;1150
2014-04-01 07:13:00+01:00;1062
2014-04-01 07:14:00+01:00;1157
2014-04-01 07:15:00+01:00;1431
2014-04-01 07:16:00+01:00;1141
2014-04-01 07:17:00+01:00;1484
2014-04-01 07:18:00+01:00;1009
2014-04-01 07:19:00+01:00;1095
2014-04-01 07:20:00+01:00;612
2014-04-01 07:21:00+01:00;955
2014-04-01 07:22:00+01:00;1292
2014-04-01 07:23:00+01:00;1258
2014-04-01 07:24:00+01:00;586
2014-04-01 07:25:00+01:00;792
2014-04-01 07:26:00+01:00;501
2014-04-01 07:27:00+01:00;718
2014-04-01 07:28:00+01:00;1009
2014-04-01 07:29:00+01:00;443
2014-04-01 07:30:00+01:00;948
2014-04-01 07:31:00+01:00;411
2014-04-01 07:32:00+01:00;611
2014-04-01 07:33:00+01:00;1138
2014-04-01 07:34:00+01:00;1067
2014-04-01 07:35:00+01:00;1235
2014-04-01 07:36:00+01:00;507
2014-04-01 07:37:00+01:00;788
2014-04-01 07:38:00+01:00;1349
2014-04-01 07:39:00+01:00;1758
2014-04-01 07:40:00+01:00;2530
2014-04-01 07:41:00+01:00;2589
2014-04-01 07:42:00+01:00;971
2014-04-01 07:43:00+01:00;1196
2014-04-01 07:44:00+01:00;925
2014-04-01 07:45:00+01:00;619
2014-04-01 07:46:00+01:00;1121
2014-04-01 07:47:00+01:00;676
2014-04-01 07:48:00+01:00;1056
2014-04-01 07:49:00+01:00;1324
2014-04-01 07:50:00+01:00;426
2014-04-01 07:51:00+01:00;903
2014-04-01 07:52:00+01:00;818
2014-04-01 07:53:00+01:00;710
2014-04-01 07:54:00+01:00;1320
2014-04-01 07:55:00+01:00;411
2014-04-01 07:56:00+01:00;1178
2014-04-01 07:57:00+01:00;933
2014-04-01 07:58:00+01:00;1060
2014-04-01 07:59:00+01:00;1090
2014-04-01 08:00:00+01:00;482
2014-04-01 08:01:00+01:00;847
2014-04-01 08:02:00+01:00;1264
2014-04-01 08:03:00+01:00;852
2014-04-01 08:04:00+01:00;930
2014-04-01 08:05:00+01:00;821
2014-04-01 08:06:00+01:00;1159
2014-04-01 08:07:00+01:00;1213
2014-04-01 08:08:00+01:00;946
2014-04-01 08:09:00+01:00;1270
2014-04-01 08:10:00+01:00;927
2014-04-01 08:11:00+01:00;1082
2014-04-01 08:12:00+01:00;777
2014-04-01 08:13:00+01:00;1289
2014-04-01 08:14:00+01:00;1355
2014-04-01 08:15:00+01:00;410
2014-04-01 08:16:00+01:00;629
2014-04-01 08:17:00+01:00;541
2014-04-01 08:18:00+01:00;1055
2014-04-01 08:19:00+01:00;2845
2014-04-01 08:20:00+01:00;3760
2014-04-01 08:21:00+01:00;1885
2014-04-01 08:22:00+01:00;2935
2014-04-01 08:23:00+01:00;1460
2014-04-01 08:24:00+01:00;1079
2014-04-01 08:25:00+01:00;693
2014-04-01 08:26:00+01:00;862
2014-04-01 08:27:00+01:00;1216
2014-04-01 08:28:00+01:00;1220
2014-04-01 08:29:00+01:00;885
2014-04-01 08:30:00+01:00;726
2014-04-01 08:31:00+01:00;1370
2014-04-01 08:32:00+01:00;762
2014-04-01 08:33:00+01:00;814
2014-04-01 08:34:00+01:00;692
2014-04-01 08:35:00+01:00;1241
2014-04-01 08:36:00+01:00;1341
2014-04-01 08:37:00+01:00;1125
2014-04-01 08:38:00+01:00;926
2014-04-01 08:39:00+01:00;1205
2014-04-01 08:40:00+01:00;1142
2014-04-01 08:41:00+01:00;476
2014-04-01 08:42:00+01:00;605
2014-04-01 08:43:00+01:00;943
2014-04-01 08:44:00+01:00;627
2014-04-01 08:45:00+01:00;1155
2014-04-01 08:46:00+01:00;1022
2014-04-01 08:47:00+01:00;379
2014-04-01 08:48:00+01:00;1138
2014-04-01 08:49:00+01:00;1052
2014-04-01 08:50:00+01:00;1214
2014-04-01 08:51:00+01:00;332
2014-04-01 08:52:00+01:00;1284
2014-04-01 08:53:00+01:00;1053
2014-04-01 08:54:00+01:00;677
2014-04-01 08:55:00+01:00;554
2014-04-01 08:56:00+01:00;1179
2014-04-01 08:57:00+01:00;448
2014-04-01 08:58:00+01:00;752
2014-04-01 08:59:00+01:00;446
2014-04-01 09:00:00+01:00;437
2014-04-01 09:01:00+01:00;449
2014-04-01 09:02:00+01:00;690
2014-04-01 09:03:00+01:00;1149
2014-04-01 09:04:00+01:00;962
2014-04-01 09:05:00+01:00;882
2014-04-01 09:06:00+01:00;467
2014-04-01 09:07:00+01:00;719
2014-04-01 09:08:00+01:00;1107
2014-04-01 09:09:00+01:00;526
2014-04-01 09:10:00+01:00;1040
2014-04-01 09:11:00+01:00;643
2014-04-01 09:12:00+01:00;1226
2014-04-01 09:13:00+01:00;938
2014-04-01 09:14:00+01:00;1281
2014-04-01 09:15:00+01:00;1147
2014-04-01 09:16:00+01:00;555
2014-04-01 09:17:00+01:00;893
2014-04-01 09:18:00+01:00;607
2014-04-01 09:19:00+01:00;321
2014-04-01 09:20:00+01:00;1112
2014-04-01 09:21:00+01:00;931
2014-04-01 09:22:00+01:00;916
2014-04-01 09:23:00+01:00;278
2014-04-01 09:24:00+01:00;571
2014-04-01 09:25:00+01:00;698
2014-04-01 09:26:00+01:00;617
2014-04-01 09:27:00+01:00;655
2014-04-01 09:28:00+01:00;273
2014-04-01 09:29:00+01:00;561
2014-04-01 09:30:00+01:00;1023
2014-04-01 09:31:00+01:00;543
2014-04-01 09:32:00+01:00;858
2014-04-01 09:33:00+01:00;1317
2014-04-01 09:34:00+01:00;1048
2014-04-01 09:35:00+01:00;1289
2014-04-01 09:36:00+01:00;1139
2014-04-01 09:37:00+01:00;306
2014-04-01 09:38:00+01:00;1285
2014-04-01 09:39:00+01:00;739
2014-04-01 09:40:00+01:00;306
2014-04-01 09:41:00+01:00;641
2014-04-01 09:42:00+01:00;451
2014-04-01 09:43:00+01:00;411
2014-04-01 09:44:00+01:00;505
2014-04-01 09:45:00+01:00;299
2014-04-01 09:46:00+01:00;899
2014-04-01 09:47:00+01:00;706
2014-04-01 09:48:00+01:00;1151
2014-04-01 09:49:00+01:00;687
2014-04-01 09:50:00+01:00;1062
2014-04-01 09:51:00+01:00;1034
2014-04-01 09:52:00+01:00;753
2014-04-01 09:53:00+01:00;601
2014-04-01 09:54:00+01:00;293
2014-04-01 09:55:00+01:00;1136
2014-04-01 09:56:00+01:00;975
2014-04-01 09:57:00+01:00;1224
2014-04-01 09:58:00+01:00;662
2014-04-01 09:59:00+01:00;559
2014-04-01 10:00:00+01:00;1112
2014-04-01 10:01:00+01:00;719
2014-04-01 10:02:00+01:00;502
2014-04-01 10:03:00+01:00;676
2014-04-01 10:04:00+01:00;795
2014-04-01 10:05:00+01:00;375
2014-04-01 10:06:00+01:00;858
2014-04-01 10:07:00+01:00;1151
2014-04-01 10:08:00+01:00;1102
2014-04-01 10:09:00+01:00;1237
2014-04-01 10:10:00+01:00;877
2014-04-01 10:11:00+01:00;541
2014-04-01 10:12:00+01:00;1052
2014-04-01 10:13:00+01:00;933
2014-04-01 10:14:00+01:00;911
2014-04-01 10:15:00+01:00;619
2014-04-01 10:16:00+01:00;327
2014-04-01 10:17:00+01:00;1253
2014-04-01 10:18:00+01:00;578
2014-04-01 10:19:00+01:00;787
2014-04-01 10:20:00+01:00;948
2014-04-01 10:21:00+01:00;1230
2014-04-01 10:22:00+01:00;539
2014-04-01 10:23:00+01:00;1096
2014-04-01 10:24:00+01:00;828
2014-04-01 10:25:00+01:00;368
2014-04-01 10:26:00+01:00;517
2014-04-01 10:27:00+01:00;967
2014-04-01 10:28:00+01:00;785
2014-04-01 10:29:00+01:00;420
2014-04-01 10:30:00+01:00;543
2014-04-01 10:31:00+01:00;759
2014-04-01 10:32:00+01:00;977
2014-04-01 10:33:00+01:00;818
2014-04-01 10:34:00+01:00;628
2014-04-01 10:35:00+01:00;887
2014-04-01 10:36:00+01:00;1126
2014-04-01 10:37:00+01:00;1304
2014-04-01 10:38:00+01:00;851
2014-04-01 10:39:00+01:00;546
2014-04-01 10:40:00+01:00;697
2014-04-01 10:41:00+01:00;420
2014-04-01 10:42:00+01:00;981
2014-04-01 10:43:00+01:00;438
2014-04-01 10:44:00+01:00;1156
2014-04-01 10:45:00+01:00;827
2014-04-01 10:46:00+01:00;677
2014-04-01 10:47:00+01:00;969
2014-04-01 10:48:00+01:00;423
2014-04-01 10:49:00+01:00;596
2014-04-01 10:50:00+01:00;825
2014-04-01 10:51:00+01:00;624
2014-04-01 10:52:00+01:00;1131
2014-04-01 10:53:00+01:00;541
2014-04-01 10:54:00+01:00;730
2014-04-01 10:55:00+01:00;521
2014-04-01 10:56:00+01:00;399
2014-04-01 10:57:00+01:00;1168
2014-04-01 10:58:00+01:00;1207
2014-04-01 10:59:00+01:00;524
2014-04-01 11:00:00+01:00;1255
2014-04-01 11:01:00+01:00;972
2014-04-01 11:02:00+01:00;783
2014-04-01 11:03:00+01:00;1058
2014-04-01 11:04:00+01:00;919
2014-04-01 11:05:00+01:00;426
2014-04-01 11:06:00+01:00;994
2014-04-01 11:07:00+01:00;717
2014-04-01 11:08:00+01:00;589
2014-04-01 11:09:00+01:00;835
2014-04-01 11:10:00+01:00;783
2014-04-01 11:11:00+01:00;476
2014-04-01 11:12:00+01:00;1138
2014-04-01 11:13:00+01:00;612
2014-04-01 11:14:00+01:00;403
2014-04-01 11:15:00+01:00;447
2014-04-01 11:16:00+01:00;376
2014-04-01 11:17:00+01:00;266
2014-04-01 11:18:00+01:00;592
2014-04-01 11:19:00+01:00;1223
2014-04-01 11:20:00+01:00;757
2014-04-01 11:21:00+01:00;880
2014-04-01 11:22:00+01:00;804
2014-04-01 11:23:00+01:00;1052
2014-04-01 11:24:00+01:00;1217
2014-04-01 11:25:00+01:00;470
2014-04-01 11:26:00+01:00;1103
2014-04-01 11:27:00+01:00;812
2014-04-01 11:28:00+01:00;674
2014-04-01 11:29:00+01:00;739
2014-04-01 11:30:00+01:00;987
2014-04-01 11:31:00+01:00;790
2014-04-01 11:32:00+01:00;1102
2014-04-01 11:33:00+01:00;768
2014-04-01 11:34:00+01:00;708
2014-04-01 11:35:00+01:00;986
2014-04-01 11:36:00+01:00;783
2014-04-01 11:37:00+01:00;987
2014-04-01 11:38:00+01:00;1037
2014-04-01 11:39:00+01:00;653
2014-04-01 11:40:00+01:00;626
2014-04-01 11:41:00+01:00;759
2014-04-01 11:42:00+01:00;345
2014-04-01 11:43:00+01:00;1129
2014-04-01 11:44:00+01:00;720
2014-04-01 11:45:00+01:00;563
2014-04-01 11:46:00+01:00;824
2014-04-01 11:47:00+01:00;579
2014-04-01 11:48:00+01:00;1002
2014-04-01 11:49:00+01:00;386
2014-04-01 11:50:00+01:00;660
2014-04-01 11:51:00+01:00;915
2014-04-01 11:52:00+01:00;706
2014-04-01 11:53:00+01:00;648
2014-04-01 11:54:00+01:00;1246
2014-04-01 11:55:00+01:00;279
2014-04-01 11:56:00+01:00;1185
2014-04-01 11:57:00+01:00;932
2014-04-01 11:58:00+01:00;969
2014-04-01 11:59:00+01:00;629
2014-04-01 12:00:00+01:00;1065
2014-04-01 12:01:00+01:00;1210
2014-04-01 12:02:00+01:00;666
2014-04-01 12:03:00+01:00;1280
2014-04-01 12:04:00+01:00;1065
2014-04-01 12:05:00+01:00;1290
2014-04-01 12:06:00+01:00;657
2014-04-01 12:07:00+01:00;642
2014-04-01 12:08:00+01:00;775
2014-04-01 12:09:00+01:00;289
2014-04-01 12:10:00+01:00;1076
2014-04-01 12:11:00+01:00;512
2014-04-01 12:12:00+01:00;333
2014-04-01 12:13:00+01:00;990
2014-04-01 12:14:00+01:00;356
2014-04-01 12:15:00+01:00;552
2014-04-01 12:16:00+01:00;1199
2014-04-01 12:17:00+01:00;1227
2014-04-01 12:18:00+01:00;997
2014-04-01 12:19:00+01:00;738
2014-04-01 12:20:00+01:00;1099
2014-04-01 12:21:00+01:00;1014
2014-04-01 12:22:00+01:00;1122
2014-04-01 12:23:00+01:00;1237
2014-04-01 12:24:00+01:00;535
2014-04-01 12:25:00+01:00;1234
2014-04-01 12:26:00+01:00;445
2014-04-01 12:27:00+01:00;1005
2014-04-01 12:28:00+01:00;815
2014-04-01 12:29:00+01:00;525
2014-04-01 12:30:00+01:00;797
2014-04-01 12:31:00+01:00;403
2014-04-01 12:32:00+01:00;805
2014-04-01 12:33:00+01:00;273
2014-04-01 12:34:00+01:00;783
2014-04-01 12:35:00+01:00;544
2014-04-01 12:36:00+01:00;1196
2014-04-01 12:37:00+01:00;495
2014-04-01 12:38:00+01:00;257
2014-04-01 12:39:00+01:00;1169
2014-04-01 12:40:00+01:00;554
2014-04-01 12:41:00+01:00;691
2014-04-01 12:42:00+01:00;981
2014-04-01 12:43:00+01:00;902
2014-04-01 12:44:00+01:00;529
2014-04-01 12:45:00+01:00;403
2014-04-01 12:46:00+01:00;1311
2014-04-01 12:47:00+01:00;980
2014-04-01 12:48:00+01:00;381
2014-04-01 12:49:00+01:00;1254
2014-04-01 12:50:00+01:00;548
2014-04-01 12:51:00+01:00;972
2014-04-01 12:52:00+01:00;372
2014-04-01 12:53:00+01:00;880
2014-04-01 12:54:00+01:00;974
2014-04-01 12:55:00+01:00;901
2014-04-01 12:56:00+01:00;510
2014-04-01 12:57:00+01:00;1288
2014-04-01 12:58:00+01:00;1217
2014-04-01 12:59:00+01:00;656
2014-04-01 13:00:00+01:00;832
2014-04-01 13:01:00+01:00;1092
2014-04-01 13:02:00+01:00;602
2014-04-01 13:03:00+01:00;612
2014-04-01 13:04:00+01:00;654
2014-04-01 13:05:00+01:00;1288
2014-04-01 13:06:00+01:00;821
2014-04-01 13:07:00+01:00;559
2014-04-01 13:08:00+01:00;1092
2014-04-01 13:09:00+01:00;932
2014-04-01 13:10:00+01:00;432
2014-04-01 13:11:00+01:00;926
2014-04-01 13:12:00+01:00;616
2014-04-01 13:13:00+01:00;357
2014-04-01 13:14:00+01:00;1137
2014-04-01 13:15:00+01:00;732
2014-04-01 13:16:00+01:00;1091
2014-04-01 13:17:00+01:00;888
2014-04-01 13:18:00+01:00;527
2014-04-01 13:19:00+01:00;927
2014-04-01 13:20:00+01:00;540
2014-04-01 13:21:00+01:00;717
2014-04-01 13:22:00+01:00;1113
2014-04-01 13:23:00+01:00;1178
2014-04-01 13:24:00+01:00;698
2014-04-01 13:25:00+01:00;1027
2014-04-01 13:26:00+01:00;1091
2014-04-01 13:27:00+01:00;919
2014-04-01 13:28:00+01:00;765
2014-04-01 13:29:00+01:00;1064
2014-04-01 13:30:00+01:00;644
2014-04-01 13:31:00+01:00;279
2014-04-01 13:32:00+01:00;310
2014-04-01 13:33:00+01:00;461
2014-04-01 13:34:00+01:00;661
2014-04-01 13:35:00+01:00;572
2014-04-01 13:36:00+01:00;888
2014-04-01 13:37:00+01:00;640
2014-04-01 13:38:00+01:00;278
2014-04-01 13:39:00+01:00;953
2014-04-01 13:40:00+01:00;557
2014-04-01 13:41:00+01:00;536
2014-04-01 13:42:00+01:00;356
2014-04-01 13:43:00+01:00;466
2014-04-01 13:44:00+01:00;1069
2014-04-01 13:45:00+01:00;1212
2014-04-01 13:46:00+01:00;681
2014-04-01 13:47:00+01:00;612
2014-04-01 13:48:00+01:00;1158
2014-04-01 13:49:00+01:00;795
2014-04-01 13:50:00+01:00;375
2014-04-01 13:51:00+01:00;874
2014-04-01 13:52:00+01:00;1276
2014-04-01 13:53:00+01:00;1213
2014-04-01 13:54:00+01:00;1090
2014-04-01 13:55:00+01:00;514
2014-04-01 13:56:00+01:00;591
2014-04-01 13:57:00+01:00;1022
2014-04-01 13:58:00+01:00;767
2014-04-01 13:59:00+01:00;1061
2014-04-01 14:00:00+01:00;805
2014-04-01 14:01:00+01:00;897
2014-04-01 14:02:00+01:00;1184
2014-04-01 14:03:00+01:00;359
2014-04-01 14:04:00+01:00;1120
2014-04-01 14:05:00+01:00;437
2014-04-01 14:06:00+01:00;615
2014-04-01 14:07:00+01:00;416
2014-04-01 14:08:00+01:00;614
2014-04-01 14:09:00+01:00;1188
2014-04-01 14:10:00+01:00;343
2014-04-01 14:11:00+01:00;1209
2014-04-01 14:12:00+01:00;337
2014-04-01 14:13:00+01:00;1128
2014-04-01 14:14:00+01:00;784
2014-04-01 14:15:00+01:00;1092
2014-04-01 14:16:00+01:00;529
2014-04-01 14:17:00+01:00;856
2014-04-01 14:18:00+01:00;643
2014-04-01 14:19:00+01:00;1176
2014-04-01 14:20:00+01:00;985
2014-04-01 14:21:00+01:00;366
2014-04-01 14:22:00+01:00;629
2014-04-01 14:23:00+01:00;428
2014-04-01 14:24:00+01:00;692
2014-04-01 14:25:00+01:00;563
2014-04-01 14:26:00+01:00;1160
2014-04-01 14:27:00+01:00;484
2014-04-01 14:28:00+01:00;1276
2014-04-01 14:29:00+01:00;530
2014-04-01 14:30:00+01:00;846
2014-04-01 14:31:00+01:00;858
2014-04-01 14:32:00+01:00;267
2014-04-01 14:33:00+01:00;935
2014-04-01 14:34:00+01:00;917
2014-04-01 14:35:00+01:00;619
2014-04-01 14:36:00+01:00;478
2014-04-01 14:37:00+01:00;648
2014-04-01 14:38:00+01:00;1048
2014-04-01 14:39:00+01:00;1211
2014-04-01 14:40:00+01:00;333
2014-04-01 14:41:00+01:00;264
2014-04-01 14:42:00+01:00;629
2014-04-01 14:43:00+01:00;1035
2014-04-01 14:44:00+01:00;799
2014-04-01 14:45:00+01:00;881
2014-04-01 14:46:00+01:00;499
2014-04-01 14:47:00+01:00;1022
2014-04-01 14:48:00+01:00;405
2014-04-01 14:49:00+01:00;734
2014-04-01 14:50:00+01:00;828
2014-04-01 14:51:00+01:00;383
2014-04-01 14:52:00+01:00;1072
2014-04-01 14:53:00+01:00;1243
2014-04-01 14:54:00+01:00;1230
2014-04-01 14:55:00+01:00;669
2014-04-01 14:56:00+01:00;1168
2014-04-01 14:57:00+01:00;1263
2014-04-01 14:58:00+01:00;796
2014-04-01 14:59:00+01:00;742
2014-04-01 15:00:00+01:00;893
2014-04-01 15:01:00+01:00;1147
2014-04-01 15:02:00+01:00;419
2014-04-01 15:03:00+01:00;1231
2014-04-01 15:04:00+01:00;512
2014-04-01 15:05:00+01:00;1357
2014-04-01 15:06:00+01:00;561
2014-04-01 15:07:00+01:00;1409
2014-04-01 15:08:00+01:00;765
2014-04-01 15:09:00+01:00;525
2014-04-01 15:10:00+01:00;1146
2014-04-01 15:11:00+01:00;955
2014-04-01 15:12:00+01:00;609
2014-04-01 15:13:00+01:00;1006
2014-04-01 15:14:00+01:00;1287
2014-04-01 15:15:00+01:00;1082
2014-04-01 15:16:00+01:00;966
2014-04-01 15:17:00+01:00;992
2014-04-01 15:18:00+01:00;671
2014-04-01 15:19:00+01:00;631
2014-04-01 15:20:00+01:00;889
2014-04-01 15:21:00+01:00;735
2014-04-01 15:22:00+01:00;428
2014-04-01 15:23:00+01:00;613
2014-04-01 15:24:00+01:00;425
2014-04-01 15:25:00+01:00;615
2014-04-01 15:26:00+01:00;1224
2014-04-01 15:27:00+01:00;1021
2014-04-01 15:28:00+01:00;878
2014-04-01 15:29:00+01:00;888
2014-04-01 15:30:00+01:00;401
2014-04-01 15:31:00+01:00;736
2014-04-01 15:32:00+01:00;412
2014-04-01 15:33:00+01:00;1333
2014-04-01 15:34:00+01:00;779
2014-04-01 15:35:00+01:00;871
2014-04-01 15:36:00+01:00;978
2014-04-01 15:37:00+01:00;531
2014-04-01 15:38:00+01:00;836
2014-04-01 15:39:00+01:00;779
2014-04-01 15:40:00+01:00;757
2014-04-01 15:41:00+01:00;423
2014-04-01 15:42:00+01:00;566
2014-04-01 15:43:00+01:00;1208
2014-04-01 15:44:00+01:00;886
2014-04-01 15:45:00+01:00;464
2014-04-01 15:46:00+01:00;324
2014-04-01 15:47:00+01:00;1104
2014-04-01 15:48:00+01:00;830
2014-04-01 15:49:00+01:00;727
2014-04-01 15:50:00+01:00;1167
2014-04-01 15:51:00+01:00;1164
2014-04-01 15:52:00+01:00;659
2014-04-01 15:53:00+01:00;514
2014-04-01 15:54:00+01:00;1065
2014-04-01 15:55:00+01:00;744
2014-04-01 15:56:00+01:00;847
2014-04-01 15:57:00+01:00;894
2014-04-01 15:58:00+01:00;1251
2014-04-01 15:59:00+01:00;668
2014-04-01 16:00:00+01:00;959
2014-04-01 16:01:00+01:00;1062
2014-04-01 16:02:00+01:00;461
2014-04-01 16:03:00+01:00;1113
2014-04-01 16:04:00+01:00;594
2014-04-01 16:05:00+01:00;829
2014-04-01 16:06:00+01:00;863
2014-04-01 16:07:00+01:00;489
2014-04-01 16:08:00+01:00;324
2014-04-01 16:09:00+01:00;528
2014-04-01 16:10:00+01:00;1148
2014-04-01 16:11:00+01:00;525
2014-04-01 16:12:00+01:00;878
2014-04-01 16:13:00+01:00;272
2014-04-01 16:14:00+01:00;464
2014-04-01 16:15:00+01:00;664
2014-04-01 16:16:00+01:00;703
2014-04-01 16:17:00+01:00;1167
2014-04-01 16:18:00+01:00;962
2014-04-01 16:19:00+01:00;799
2014-04-01 16:20:00+01:00;925
2014-04-01 16:21:00+01:00;725
2014-04-01 16:22:00+01:00;1255
2014-04-01 16:23:00+01:00;609
2014-04-01 16:24:00+01:00;497
2014-04-01 16:25:00+01:00;632
2014-04-01 16:26:00+01:00;301
2014-04-01 16:27:00+01:00;699
2014-04-01 16:28:00+01:00;1047
2014-04-01 16:29:00+01:00;558
2014-04-01 16:30:00+01:00;1114
2014-04-01 16:31:00+01:00;591
2014-04-01 16:32:00+01:00;829
2014-04-01 16:33:00+01:00;847
2014-04-01 16:34:00+01:00;1134
2014-04-01 16:35:00+01:00;609
2014-04-01 16:36:00+01:00;1197
2014-04-01 16:37:00+01:00;1154
2014-04-01 16:38:00+01:00;1345
2014-04-01 16:39:00+01:00;521
2014-04-01 16:40:00+01:00;1532
2014-04-01 16:41:00+01:00;1434
2014-04-01 16:42:00+01:00;1490
2014-04-01 16:43:00+01:00;1331
2014-04-01 16:44:00+01:00;856
2014-04-01 16:45:00+01:00;724
2014-04-01 16:46:00+01:00;746
2014-04-01 16:47:00+01:00;495
2014-04-01 16:48:00+01:00;1076
2014-04-01 16:49:00+01:00;688
2014-04-01 16:50:00+01:00;1064
2014-04-01 16:51:00+01:00;1000
2014-04-01 16:52:00+01:00;1034
2014-04-01 16:53:00+01:00;643
2014-04-01 16:54:00+01:00;1051
2014-04-01 16:55:00+01:00;610
2014-04-01 16:56:00+01:00;575
2014-04-01 16:57:00+01:00;726
2014-04-01 16:58:00+01:00;1285
2014-04-01 16:59:00+01:00;440
2014-04-01 17:00:00+01:00;474
2014-04-01 17:01:00+01:00;715
2014-04-01 17:02:00+01:00;778
2014-04-01 17:03:00+01:00;1092
2014-04-01 17:04:00+01:00;1099
2014-04-01 17:05:00+01:00;1158
2014-04-01 17:06:00+01:00;976
2014-04-01 17:07:00+01:00;547
2014-04-01 17:08:00+01:00;715
2014-04-01 17:09:00+01:00;573
2014-04-01 17:10:00+01:00;1087
2014-04-01 17:11:00+01:00;971
2014-04-01 17:12:00+01:00;428
2014-04-01 17:13:00+01:00;693
2014-04-01 17:14:00+01:00;899
2014-04-01 17:15:00+01:00;1044
2014-04-01 17:16:00+01:00;914
2014-04-01 17:17:00+01:00;852
2014-04-01 17:18:00+01:00;416
2014-04-01 17:19:00+01:00;1101
2014-04-01 17:20:00+01:00;760
2014-04-01 17:21:00+01:00;1432
2014-04-01 17:22:00+01:00;5655
2014-04-01 17:23:00+01:00;6015
2014-04-01 17:24:00+01:00;6091
2014-04-01 17:25:00+01:00;4480
2014-04-01 17:26:00+01:00;4626
2014-04-01 17:27:00+01:00;2722
2014-04-01 17:28:00+01:00;1735
2014-04-01 17:29:00+01:00;998
2014-04-01 17:30:00+01:00;2052
2014-04-01 17:31:00+01:00;2881
2014-04-01 17:32:00+01:00;3048
2014-04-01 17:33:00+01:00;1591
2014-04-01 17:34:00+01:00;1524
2014-04-01 17:35:00+01:00;2983
2014-04-01 17:36:00+01:00;1200
2014-04-01 17:37:00+01:00;1314
2014-04-01 17:38:00+01:00;3353
2014-04-01 17:39:00+01:00;808
2014-04-01 17:40:00+01:00;1824
2014-04-01 17:41:00+01:00;2717
2014-04-01 17:42:00+01:00;1140
2014-04-01 17:43:00+01:00;1876
2014-04-01 17:44:00+01:00;1075
2014-04-01 17:45:00+01:00;1047
2014-04-01 17:46:00+01:00;3011
2014-04-01 17:47:00+01:00;974
2014-04-01 17:48:00+01:00;1786
2014-04-01 17:49:00+01:00;2270
2014-04-01 17:50:00+01:00;598
2014-04-01 17:51:00+01:00;918
2014-04-01 17:52:00+01:00;715
2014-04-01 17:53:00+01:00;530
2014-04-01 17:54:00+01:00;2177
2014-04-01 17:55:00+01:00;1507
2014-04-01 17:56:00+01:00;1127
2014-04-01 17:57:00+01:00;2744
2014-04-01 17:58:00+01:00;942
2014-04-01 17:59:00+01:00;1625
2014-04-01 18:00:00+01:00;2489
2014-04-01 18:01:00+01:00;620
2014-04-01 18:02:00+01:00;1489
2014-04-01 18:03:00+01:00;1843
2014-04-01 18:04:00+01:00;1420
2014-04-01 18:05:00+01:00;2498
2014-04-01 18:06:00+01:00;2251
2014-04-01 18:07:00+01:00;1017
2014-04-01 18:08:00+01:00;1027
2014-04-01 18:09:00+01:00;802
2014-04-01 18:10:00+01:00;1178
2014-04-01 18:11:00+01:00;1167
2014-04-01 18:12:00+01:00;1396
2014-04-01 18:13:00+01:00;1291
2014-04-01 18:14:00+01:00;1005
2014-04-01 18:15:00+01:00;631
2014-04-01 18:16:00+01:00;1484
2014-04-01 18:17:00+01:00;1510
2014-04-01 18:18:00+01:00;2302
2014-04-01 18:19:00+01:00;2590
2014-04-01 18:20:00+01:00;3252
2014-04-01 18:21:00+01:00;1556
2014-04-01 18:22:00+01:00;528
2014-04-01 18:23:00+01:00;932
2014-04-01 18:24:00+01:00;706
2014-04-01 18:25:00+01:00;1215
2014-04-01 18:26:00+01:00;1452
2014-04-01 18:27:00+01:00;770
2014-04-01 18:28:00+01:00;1189
2014-04-01 18:29:00+01:00;1069
2014-04-01 18:30:00+01:00;1419
2014-04-01 18:31:00+01:00;697
2014-04-01 18:32:00+01:00;1241
2014-04-01 18:33:00+01:00;800
2014-04-01 18:34:00+01:00;1354
2014-04-01 18:35:00+01:00;1369
2014-04-01 18:36:00+01:00;646
2014-04-01 18:37:00+01:00;1299
2014-04-01 18:38:00+01:00;1374
2014-04-01 18:39:00+01:00;1847
2014-04-01 18:40:00+01:00;1810
2014-04-01 18:41:00+01:00;1700
2014-04-01 18:42:00+01:00;1810
2014-04-01 18:43:00+01:00;1676
2014-04-01 18:44:00+01:00;2133
2014-04-01 18:45:00+01:00;2107
2014-04-01 18:46:00+01:00;1617
2014-04-01 18:47:00+01:00;1487
2014-04-01 18:48:00+01:00;1783
2014-04-01 18:49:00+01:00;2175
2014-04-01 18:50:00+01:00;2049
2014-04-01 18:51:00+01:00;1677
2014-04-01 18:52:00+01:00;1958
2014-04-01 18:53:00+01:00;1800
2014-04-01 18:54:00+01:00;1999
2014-04-01 18:55:00+01:00;2230
2014-04-01 18:56:00+01:00;2344
2014-04-01 18:57:00+01:00;2137
2014-04-01 18:58:00+01:00;1849
2014-04-01 18:59:00+01:00;2136
2014-04-01 19:00:00+01:00;2299
2014-04-01 19:01:00+01:00;1647
2014-04-01 19:02:00+01:00;1765
2014-04-01 19:03:00+01:00;3345
2014-04-01 19:04:00+01:00;1560
2014-04-01 19:05:00+01:00;1341
2014-04-01 19:06:00+01:00;1875
2014-04-01 19:07:00+01:00;2048
2014-04-01 19:08:00+01:00;2201
2014-04-01 19:09:00+01:00;2185
2014-04-01 19:10:00+01:00;2265
2014-04-01 19:11:00+01:00;2019
2014-04-01 19:12:00+01:00;2192
2014-04-01 19:13:00+01:00;2140
2014-04-01 19:14:00+01:00;1488
2014-04-01 19:15:00+01:00;1690
2014-04-01 19:16:00+01:00;1905
2014-04-01 19:17:00+01:00;1437
2014-04-01 19:18:00+01:00;1550
2014-04-01 19:19:00+01:00;2076
2014-04-01 19:20:00+01:00;2093
2014-04-01 19:21:00+01:00;1398
2014-04-01 19:22:00+01:00;2130
2014-04-01 19:23:00+01:00;1990
2014-04-01 19:24:00+01:00;1886
2014-04-01 19:25:00+01:00;1967
2014-04-01 19:26:00+01:00;1355
2014-04-01 19:27:00+01:00;1555
2014-04-01 19:28:00+01:00;2392
2014-04-01 19:29:00+01:00;1963
2014-04-01 19:30:00+01:00;2036
2014-04-01 19:31:00+01:00;2496
2014-04-01 19:32:00+01:00;3506
2014-04-01 19:33:00+01:00;4061
2014-04-01 19:34:00+01:00;3857
2014-04-01 19:35:00+01:00;3850
2014-04-01 19:36:00+01:00;4389
2014-04-01 19:37:00+01:00;4207
2014-04-01 19:38:00+01:00;3567
2014-04-01 19:39:00+01:00;3840
2014-04-01 19:40:00+01:00;4283
2014-04-01 19:41:00+01:00;3586
2014-04-01 19:42:00+01:00;4299
2014-04-01 19:43:00+01:00;3845
2014-04-01 19:44:00+01:00;1966
2014-04-01 19:45:00+01:00;1530
2014-04-01 19:46:00+01:00;2211
2014-04-01 19:47:00+01:00;1892
2014-04-01 19:48:00+01:00;1235
2014-04-01 19:49:00+01:00;824
2014-04-01 19:50:00+01:00;1126
2014-04-01 19:51:00+01:00;1039
2014-04-01 19:52:00+01:00;903
2014-04-01 19:53:00+01:00;1390
2014-04-01 19:54:00+01:00;1471
2014-04-01 19:55:00+01:00;1285
2014-04-01 19:56:00+01:00;1465
2014-04-01 19:57:00+01:00;813
2014-04-01 19:58:00+01:00;1219
2014-04-01 19:59:00+01:00;1318
2014-04-01 20:00:00+01:00;849
2014-04-01 20:01:00+01:00;551
2014-04-01 20:02:00+01:00;913
2014-04-01 20:03:00+01:00;1121
2014-04-01 20:04:00+01:00;1212
2014-04-01 20:05:00+01:00;1046
2014-04-01 20:06:00+01:00;918
2014-04-01 20:07:00+01:00;459
2014-04-01 20:08:00+01:00;2190
2014-04-01 20:09:00+01:00;2553
2014-04-01 20:10:00+01:00;575
2014-04-01 20:11:00+01:00;587
2014-04-01 20:12:00+01:00;1240
2014-04-01 20:13:00+01:00;1387
2014-04-01 20:14:00+01:00;1438
2014-04-01 20:15:00+01:00;964
2014-04-01 20:16:00+01:00;1230
2014-04-01 20:17:00+01:00;1075
2014-04-01 20:18:00+01:00;1286
2014-04-01 20:19:00+01:00;1418
2014-04-01 20:20:00+01:00;786
2014-04-01 20:21:00+01:00;587
2014-04-01 20:22:00+01:00;1096
2014-04-01 20:23:00+01:00;806
2014-04-01 20:24:00+01:00;896
2014-04-01 20:25:00+01:00;633
2014-04-01 20:26:00+01:00;977
2014-04-01 20:27:00+01:00;1074
2014-04-01 20:28:00+01:00;1267
2014-04-01 20:29:00+01:00;618
2014-04-01 20:30:00+01:00;846
2014-04-01 20:31:00+01:00;1164
2014-04-01 20:32:00+01:00;1486
2014-04-01 20:33:00+01:00;824
2014-04-01 20:34:00+01:00;1245
2014-04-01 20:35:00+01:00;824
2014-04-01 20:36:00+01:00;950
2014-04-01 20:37:00+01:00;1386
2014-04-01 20:38:00+01:00;1353
2014-04-01 20:39:00+01:00;1128
2014-04-01 20:40:00+01:00;1011
2014-04-01 20:41:00+01:00;1385
2014-04-01 20:42:00+01:00;1172
2014-04-01 20:43:00+01:00;1164
2014-04-01 20:44:00+01:00;1281
2014-04-01 20:45:00+01:00;1119
2014-04-01 20:46:00+01:00;1182
2014-04-01 20:47:00+01:00;597
2014-04-01 20:48:00+01:00;826
2014-04-01 20:49:00+01:00;458
2014-04-01 20:50:00+01:00;1143
2014-04-01 20:51:00+01:00;1221
2014-04-01 20:52:00+01:00;457
2014-04-01 20:53:00+01:00;1106
2014-04-01 20:54:00+01:00;511
2014-04-01 20:55:00+01:00;603
2014-04-01 20:56:00+01:00;1022
2014-04-01 20:57:00+01:00;1200
2014-04-01 20:58:00+01:00;817
2014-04-01 20:59:00+01:00;601
2014-04-01 21:00:00+01:00;1286
2014-04-01 21:01:00+01:00;3289
2014-04-01 21:02:00+01:00;2699
2014-04-01 21:03:00+01:00;3071
2014-04-01 21:04:00+01:00;3183
2014-04-01 21:05:00+01:00;3040
2014-04-01 21:06:00+01:00;3172
2014-04-01 21:07:00+01:00;2786
2014-04-01 21:08:00+01:00;2480
2014-04-01 21:09:00+01:00;2891
2014-04-01 21:10:00+01:00;2411
2014-04-01 21:11:00+01:00;2286
2014-04-01 21:12:00+01:00;2222
2014-04-01 21:13:00+01:00;2873
2014-04-01 21:14:00+01:00;2176
2014-04-01 21:15:00+01:00;2797
2014-04-01 21:16:00+01:00;844
2014-04-01 21:17:00+01:00;1008
2014-04-01 21:18:00+01:00;1085
2014-04-01 21:19:00+01:00;1060
2014-04-01 21:20:00+01:00;1134
2014-04-01 21:21:00+01:00;463
2014-04-01 21:22:00+01:00;1566
2014-04-01 21:23:00+01:00;1899
2014-04-01 21:24:00+01:00;1716
2014-04-01 21:25:00+01:00;519
2014-04-01 21:26:00+01:00;633
2014-04-01 21:27:00+01:00;880
2014-04-01 21:28:00+01:00;629
2014-04-01 21:29:00+01:00;1402
2014-04-01 21:30:00+01:00;881
2014-04-01 21:31:00+01:00;1559
2014-04-01 21:32:00+01:00;1337
2014-04-01 21:33:00+01:00;770
2014-04-01 21:34:00+01:00;1193
2014-04-01 21:35:00+01:00;1289
2014-04-01 21:36:00+01:00;1449
2014-04-01 21:37:00+01:00;691
2014-04-01 21:38:00+01:00;1110
2014-04-01 21:39:00+01:00;1169
2014-04-01 21:40:00+01:00;812
2014-04-01 21:41:00+01:00;1215
2014-04-01 21:42:00+01:00;1319
2014-04-01 21:43:00+01:00;1414
2014-04-01 21:44:00+01:00;813
2014-04-01 21:45:00+01:00;1028
2014-04-01 21:46:00+01:00;1307
2014-04-01 21:47:00+01:00;561
2014-04-01 21:48:00+01:00;945
2014-04-01 21:49:00+01:00;1169
2014-04-01 21:50:00+01:00;509
2014-04-01 21:51:00+01:00;384
2014-04-01 21:52:00+01:00;1182
2014-04-01 21:53:00+01:00;849
2014-04-01 21:54:00+01:00;1118
2014-04-01 21:55:00+01:00;337
2014-04-01 21:56:00+01:00;1228
2014-04-01 21:57:00+01:00;1020
2014-04-01 21:58:00+01:00;446
2014-04-01 21:59:00+01:00;630
2014-04-01 22:00:00+01:00;435
2014-04-01 22:01:00+01:00;874
2014-04-01 22:02:00+01:00;1156
2014-04-01 22:03:00+01:00;628
2014-04-01 22:04:00+01:00;1046
2014-04-01 22:05:00+01:00;1079
2014-04-01 22:06:00+01:00;908
2014-04-01 22:07:00+01:00;1229
2014-04-01 22:08:00+01:00;741
2014-04-01 22:09:00+01:00;1036
2014-04-01 22:10:00+01:00;1090
2014-04-01 22:11:00+01:00;776
2014-04-01 22:12:00+01:00;623
2014-04-01 22:13:00+01:00;539
2014-04-01 22:14:00+01:00;1153
2014-04-01 22:15:00+01:00;1312
2014-04-01 22:16:00+01:00;641
2014-04-01 22:17:00+01:00;537
2014-04-01 22:18:00+01:00;1052
2014-04-01 22:19:00+01:00;401
2014-04-01 22:20:00+01:00;1163
2014-04-01 22:21:00+01:00;868
2014-04-01 22:22:00+01:00;1134
2014-04-01 22:23:00+01:00;946
2014-04-01 22:24:00+01:00;537
2014-04-01 22:25:00+01:00;1098
2014-04-01 22:26:00+01:00;442
2014-04-01 22:27:00+01:00;982
2014-04-01 22:28:00+01:00;937
2014-04-01 22:29:00+01:00;1277
2014-04-01 22:30:00+01:00;1011
2014-04-01 22:31:00+01:00;1011
2014-04-01 22:32:00+01:00;938
2014-04-01 22:33:00+01:00;1100
2014-04-01 22:34:00+01:00;1006
2014-04-01 22:35:00+01:00;979
2014-04-01 22:36:00+01:00;1275
2014-04-01 22:37:00+01:00;611
2014-04-01 22:38:00+01:00;991
2014-04-01 22:39:00+01:00;910
2014-04-01 22:40:00+01:00;1162
2014-04-01 22:41:00+01:00;821
2014-04-01 22:42:00+01:00;404
2014-04-01 22:43:00+01:00;849
2014-04-01 22:44:00+01:00;327
2014-04-01 22:45:00+01:00;316
2014-04-01 22:46:00+01:00;895
2014-04-01 22:47:00+01:00;597
2014-04-01 22:48:00+01:00;1181
2014-04-01 22:49:00+01:00;830
2014-04-01 22:50:00+01:00;725
2014-04-01 22:51:00+01:00;878
2014-04-01 22:52:00+01:00;590
2014-04-01 22:53:00+01:00;1218
2014-04-01 22:54:00+01:00;1129
2014-04-01 22:55:00+01:00;637
2014-04-01 22:56:00+01:00;563
2014-04-01 22:57:00+01:00;459
2014-04-01 22:58:00+01:00;943
2014-04-01 22:59:00+01:00;521
2014-04-01 23:00:00+01:00;870
2014-04-01 23:01:00+01:00;339
2014-04-01 23:02:00+01:00;1285
2014-04-01 23:03:00+01:00;522
2014-04-01 23:04:00+01:00;447
2014-04-01 23:05:00+01:00;500
2014-04-01 23:06:00+01:00;1000
2014-04-01 23:07:00+01:00;1123
2014-04-01 23:08:00+01:00;1148
2014-04-01 23:09:00+01:00;997
2014-04-01 23:10:00+01:00;314
2014-04-01 23:11:00+01:00;948
2014-04-01 23:12:00+01:00;418
2014-04-01 23:13:00+01:00;1153
2014-04-01 23:14:00+01:00;267
2014-04-01 23:15:00+01:00;856
2014-04-01 23:16:00+01:00;797
2014-04-01 23:17:00+01:00;643
2014-04-01 23:18:00+01:00;358
2014-04-01 23:19:00+01:00;746
2014-04-01 23:20:00+01:00;805
2014-04-01 23:21:00+01:00;764
2014-04-01 23:22:00+01:00;857
2014-04-01 23:23:00+01:00;468
2014-04-01 23:24:00+01:00;258
2014-04-01 23:25:00+01:00;670
2014-04-01 23:26:00+01:00;339
2014-04-01 23:27:00+01:00;984
2014-04-01 23:28:00+01:00;382
2014-04-01 23:29:00+01:00;967
2014-04-01 23:30:00+01:00;907
2014-04-01 23:31:00+01:00;567
2014-04-01 23:32:00+01:00;542
2014-04-01 23:33:00+01:00;581
2014-04-01 23:34:00+01:00;676
2014-04-01 23:35:00+01:00;1026
2014-04-01 23:36:00+01:00;676
2014-04-01 23:37:00+01:00;625
2014-04-01 23:38:00+01:00;549
2014-04-01 23:39:00+01:00;1181
2014-04-01 23:40:00+01:00;845
2014-04-01 23:41:00+01:00;1015
2014-04-01 23:42:00+01:00;436
2014-04-01 23:43:00+01:00;818
2014-04-01 23:44:00+01:00;372
2014-04-01 23:45:00+01:00;1120
2014-04-01 23:46:00+01:00;570
2014-04-01 23:47:00+01:00;1085
2014-04-01 23:48:00+01:00;1027
2014-04-01 23:49:00+01:00;567
2014-04-01 23:50:00+01:00;807
2014-04-01 23:51:00+01:00;434
2014-04-01 23:52:00+01:00;1132
2014-04-01 23:53:00+01:00;1109
2014-04-01 23:54:00+01:00;576
2014-04-01 23:55:00+01:00;501
2014-04-01 23:56:00+01:00;367
2014-04-01 23:57:00+01:00;322
2014-04-01 23:58:00+01:00;1250
2014-04-01 23:59:00+01:00;557
2014-04-02 00:00:00+01:00;894
2014-04-02 00:01:00+01:00;279
2014-04-02 00:02:00+01:00;1020
2014-04-02 00:03:00+01:00;544
2014-04-02 00:04:00+01:00;414
2014-04-02 00:05:00+01:00;265
2014-04-02 00:06:00+01:00;1199
2014-04-02 00:07:00+01:00;1002
2014-04-02 00:08:00+01:00;565
2014-04-02 00:09:00+01:00;475
2014-04-02 00:10:00+01:00;1237
2014-04-02 00:11:00+01:00;487
2014-04-02 00:12:00+01:00;1025
2014-04-02 00:13:00+01:00;1110
2014-04-02 00:14:00+01:00;464
2014-04-02 00:15:00+01:00;585
2014-04-02 00:16:00+01:00;1269
2014-04-02 00:17:00+01:00;1176
2014-04-02 00:18:00+01:00;986
2014-04-02 00:19:00+01:00;833
2014-04-02 00:20:00+01:00;1128
2014-04-02 00:21:00+01:00;955
2014-04-02 00:22:00+01:00;388
2014-04-02 00:23:00+01:00;647
2014-04-02 00:24:00+01:00;537
2014-04-02 00:25:00+01:00;437
2014-04-02 00:26:00+01:00;858
2014-04-02 00:27:00+01:00;555
2014-04-02 00:28:00+01:00;504
2014-04-02 00:29:00+01:00;694
2014-04-02 00:30:00+01:00;876
2014-04-02 00:31:00+01:00;669
2014-04-02 00:32:00+01:00;423
2014-04-02 00:33:00+01:00;1205
2014-04-02 00:34:00+01:00;917
2014-04-02 00:35:00+01:00;713
2014-04-02 00:36:00+01:00;546
2014-04-02 00:37:00+01:00;1123
2014-04-02 00:38:00+01:00;1050
2014-04-02 00:39:00+01:00;528
2014-04-02 00:40:00+01:00;1134
2014-04-02 00:41:00+01:00;863
2014-04-02 00:42:00+01:00;1043
2014-04-02 00:43:00+01:00;1204
2014-04-02 00:44:00+01:00;822
2014-04-02 00:45:00+01:00;489
2014-04-02 00:46:00+01:00;391
2014-04-02 00:47:00+01:00;1026
2014-04-02 00:48:00+01:00;700
2014-04-02 00:49:00+01:00;236
2014-04-02 00:50:00+01:00;1166
2014-04-02 00:51:00+01:00;253
2014-04-02 00:52:00+01:00;764
2014-04-02 00:53:00+01:00;863
2014-04-02 00:54:00+01:00;842
2014-04-02 00:55:00+01:00;696
2014-04-02 00:56:00+01:00;1077
2014-04-02 00:57:00+01:00;594
2014-04-02 00:58:00+01:00;1179
2014-04-02 00:59:00+01:00;424
2014-04-02 01:00:00+01:00;912
2014-04-02 01:01:00+01:00;999
2014-04-02 01:02:00+01:00;280
2014-04-02 01:03:00+01:00;476
2014-04-02 01:04:00+01:00;276
2014-04-02 01:05:00+01:00;1124
2014-04-02 01:06:00+01:00;367
2014-04-02 01:07:00+01:00;250
2014-04-02 01:08:00+01:00;406
2014-04-02 01:09:00+01:00;1213
2014-04-02 01:10:00+01:00;662
2014-04-02 01:11:00+01:00;1092
2014-04-02 01:12:00+01:00;364
2014-04-02 01:13:00+01:00;868
2014-04-02 01:14:00+01:00;426
2014-04-02 01:15:00+01:00;1074
2014-04-02 01:16:00+01:00;239
2014-04-02 01:17:00+01:00;714
2014-04-02 01:18:00+01:00;597
2014-04-02 01:19:00+01:00;1265
2014-04-02 01:20:00+01:00;965
2014-04-02 01:21:00+01:00;1020
2014-04-02 01:22:00+01:00;1146
2014-04-02 01:23:00+01:00;348
2014-04-02 01:24:00+01:00;1149
2014-04-02 01:25:00+01:00;481
2014-04-02 01:26:00+01:00;540
2014-04-02 01:27:00+01:00;796
2014-04-02 01:28:00+01:00;1134
2014-04-02 01:29:00+01:00;1214
2014-04-02 01:30:00+01:00;579
2014-04-02 01:31:00+01:00;564
2014-04-02 01:32:00+01:00;418
2014-04-02 01:33:00+01:00;1019
2014-04-02 01:34:00+01:00;1023
2014-04-02 01:35:00+01:00;586
2014-04-02 01:36:00+01:00;575
2014-04-02 01:37:00+01:00;215
2014-04-02 01:38:00+01:00;298
2014-04-02 01:39:00+01:00;711
2014-04-02 01:40:00+01:00;229
2014-04-02 01:41:00+01:00;353
2014-04-02 01:42:00+01:00;438
2014-04-02 01:43:00+01:00;693
2014-04-02 01:44:00+01:00;629
2014-04-02 01:45:00+01:00;930
2014-04-02 01:46:00+01:00;683
2014-04-02 01:47:00+01:00;831
2014-04-02 01:48:00+01:00;267
2014-04-02 01:49:00+01:00;922
2014-04-02 01:50:00+01:00;370
2014-04-02 01:51:00+01:00;526
2014-04-02 01:52:00+01:00;1245
2014-04-02 01:53:00+01:00;575
2014-04-02 01:54:00+01:00;346
2014-04-02 01:55:00+01:00;1169
2014-04-02 01:56:00+01:00;594
2014-04-02 01:57:00+01:00;318
2014-04-02 01:58:00+01:00;391
2014-04-02 01:59:00+01:00;900
2014-04-02 02:00:00+01:00;1048
2014-04-02 02:01:00+01:00;344
2014-04-02 02:02:00+01:00;753
2014-04-02 02:03:00+01:00;1155
2014-04-02 02:04:00+01:00;416
2014-04-02 02:05:00+01:00;1132
2014-04-02 02:06:00+01:00;709
2014-04-02 02:07:00+01:00;1121
2014-04-02 02:08:00+01:00;1044
2014-04-02 02:09:00+01:00;469
2014-04-02 02:10:00+01:00;838
2014-04-02 02:11:00+01:00;854
2014-04-02 02:12:00+01:00;887
2014-04-02 02:13:00+01:00;501
2014-04-02 02:14:00+01:00;1087
2014-04-02 02:15:00+01:00;235
2014-04-02 02:16:00+01:00;462
2014-04-02 02:17:00+01:00;894
2014-04-02 02:18:00+01:00;712
2014-04-02 02:19:00+01:00;259
2014-04-02 02:20:00+01:00;708
2014-04-02 02:21:00+01:00;469
2014-04-02 02:22:00+01:00;1107
2014-04-02 02:23:00+01:00;805
2014-04-02 02:24:00+01:00;853
2014-04-02 02:25:00+01:00;799
2014-04-02 02:26:00+01:00;514
2014-04-02 02:27:00+01:00;289
2014-04-02 02:28:00+01:00;851
2014-04-02 02:29:00+01:00;821
2014-04-02 02:30:00+01:00;661
2014-04-02 02:31:00+01:00;524
2014-04-02 02:32:00+01:00;300
2014-04-02 02:33:00+01:00;1025
2014-04-02 02:34:00+01:00;441
2014-04-02 02:35:00+01:00;452
2014-04-02 02:36:00+01:00;879
2014-04-02 02:37:00+01:00;945
2014-04-02 02:38:00+01:00;511
2014-04-02 02:39:00+01:00;499
2014-04-02 02:40:00+01:00;784
2014-04-02 02:41:00+01:00;964
2014-04-02 02:42:00+01:00;509
2014-04-02 02:43:00+01:00;644
2014-04-02 02:44:00+01:00;857
2014-04-02 02:45:00+01:00;962
2014-04-02 02:46:00+01:00;597
2014-04-02 02:47:00+01:00;1125
2014-04-02 02:48:00+01:00;1112
2014-04-02 02:49:00+01:00;529
2014-04-02 02:50:00+01:00;653
2014-04-02 02:51:00+01:00;507
2014-04-02 02:52:00+01:00;270
2014-04-02 02:53:00+01:00;314
2014-04-02 02:54:00+01:00;926
2014-04-02 02:55:00+01:00;771
2014-04-02 02:56:00+01:00;1023
2014-04-02 02:57:00+01:00;846
2014-04-02 02:58:00+01:00;893
2014-04-02 02:59:00+01:00;743
2014-04-02 03:00:00+01:00;311
2014-04-02 03:01:00+01:00;1166
2014-04-02 03:02:00+01:00;684
2014-04-02 03:03:00+01:00;1135
2014-04-02 03:04:00+01:00;610
2014-04-02 03:05:00+01:00;747
2014-04-02 03:06:00+01:00;481
2014-04-02 03:07:00+01:00;740
2014-04-02 03:08:00+01:00;901
2014-04-02 03:09:00+01:00;676
2014-04-02 03:10:00+01:00;661
2014-04-02 03:11:00+01:00;1070
2014-04-02 03:12:00+01:00;336
2014-04-02 03:13:00+01:00;1101
2014-04-02 03:14:00+01:00;1256
2014-04-02 03:15:00+01:00;753
2014-04-02 03:16:00+01:00;503
2014-04-02 03:17:00+01:00;826
2014-04-02 03:18:00+01:00;842
2014-04-02 03:19:00+01:00;530
2014-04-02 03:20:00+01:00;874
2014-04-02 03:21:00+01:00;736
2014-04-02 03:22:00+01:00;369
2014-04-02 03:23:00+01:00;1073
2014-04-02 03:24:00+01:00;622
2014-04-02 03:25:00+01:00;767
2014-04-02 03:26:00+01:00;347
2014-04-02 03:27:00+01:00;516
2014-04-02 03:28:00+01:00;432
2014-04-02 03:29:00+01:00;705
2014-04-02 03:30:00+01:00;551
2014-04-02 03:31:00+01:00;895
2014-04-02 03:32:00+01:00;1139
2014-04-02 03:33:00+01:00;378
2014-04-02 03:34:00+01:00;453
2014-04-02 03:35:00+01:00;965
2014-04-02 03:36:00+01:00;237
2014-04-02 03:37:00+01:00;530
2014-04-02 03:38:00+01:00;655
2014-04-02 03:39:00+01:00;1170
2014-04-02 03:40:00+01:00;813
2014-04-02 03:41:00+01:00;522
2014-04-02 03:42:00+01:00;300
2014-04-02 03:43:00+01:00;1050
2014-04-02 03:44:00+01:00;893
2014-04-02 03:45:00+01:00;856
2014-04-02 03:46:00+01:00;662
2014-04-02 03:47:00+01:00;591
2014-04-02 03:48:00+01:00;1008
2014-04-02 03:49:00+01:00;335
2014-04-02 03:50:00+01:00;238
2014-04-02 03:51:00+01:00;1181
2014-04-02 03:52:00+01:00;918
2014-04-02 03:53:00+01:00;897
2014-04-02 03:54:00+01:00;771
2014-04-02 03:55:00+01:00;730
2014-04-02 03:56:00+01:00;918
2014-04-02 03:57:00+01:00;960
2014-04-02 03:58:00+01:00;916
2014-04-02 03:59:00+01:00;451
2014-04-02 04:00:00+01:00;608
2014-04-02 04:01:00+01:00;1186
2014-04-02 04:02:00+01:00;522
2014-04-02 04:03:00+01:00;634
2014-04-02 04:04:00+01:00;491
2014-04-02 04:05:00+01:00;729
2014-04-02 04:06:00+01:00;1155
2014-04-02 04:07:00+01:00;885
2014-04-02 04:08:00+01:00;1208
2014-04-02 04:09:00+01:00;658
2014-04-02 04:10:00+01:00;802
2014-04-02 04:11:00+01:00;772
2014-04-02 04:12:00+01:00;373
2014-04-02 04:13:00+01:00;1185
2014-04-02 04:14:00+01:00;334
2014-04-02 04:15:00+01:00;863
2014-04-02 04:16:00+01:00;1167
2014-04-02 04:17:00+01:00;1060
2014-04-02 04:18:00+01:00;620
2014-04-02 04:19:00+01:00;263
2014-04-02 04:20:00+01:00;1060
2014-04-02 04:21:00+01:00;284
2014-04-02 04:22:00+01:00;1085
2014-04-02 04:23:00+01:00;537
2014-04-02 04:24:00+01:00;913
2014-04-02 04:25:00+01:00;317
2014-04-02 04:26:00+01:00;950
2014-04-02 04:27:00+01:00;1199
2014-04-02 04:28:00+01:00;748
2014-04-02 04:29:00+01:00;754
2014-04-02 04:30:00+01:00;641
2014-04-02 04:31:00+01:00;735
2014-04-02 04:32:00+01:00;610
2014-04-02 04:33:00+01:00;399
2014-04-02 04:34:00+01:00;606
2014-04-02 04:35:00+01:00;618
2014-04-02 04:36:00+01:00;939
2014-04-02 04:37:00+01:00;710
2014-04-02 04:38:00+01:00;1189
2014-04-02 04:39:00+01:00;1208
2014-04-02 04:40:00+01:00;873
2014-04-02 04:41:00+01:00;870
2014-04-02 04:42:00+01:00;1061
2014-04-02 04:43:00+01:00;1050
2014-04-02 04:44:00+01:00;995
2014-04-02 04:45:00+01:00;894
2014-04-02 04:46:00+01:00;292
2014-04-02 04:47:00+01:00;826
2014-04-02 04:48:00+01:00;616
2014-04-02 04:49:00+01:00;831
2014-04-02 04:50:00+01:00;1271
2014-04-02 04:51:00+01:00;454
2014-04-02 04:52:00+01:00;603
2014-04-02 04:53:00+01:00;1175
2014-04-02 04:54:00+01:00;1333
2014-04-02 04:55:00+01:00;1254
2014-04-02 04:56:00+01:00;871
2014-04-02 04:57:00+01:00;1239
2014-04-02 04:58:00+01:00;732
2014-04-02 04:59:00+01:00;585
2014-04-02 05:00:00+01:00;1082
2014-04-02 05:01:00+01:00;945
2014-04-02 05:02:00+01:00;1098
2014-04-02 05:03:00+01:00;1360
2014-04-02 05:04:00+01:00;1369
2014-04-02 05:05:00+01:00;674
2014-04-02 05:06:00+01:00;492
2014-04-02 05:07:00+01:00;503
2014-04-02 05:08:00+01:00;1267
2014-04-02 05:09:00+01:00;578
2014-04-02 05:10:00+01:00;415
2014-04-02 05:11:00+01:00;1202
2014-04-02 05:12:00+01:00;1281
2014-04-02 05:13:00+01:00;747
2014-04-02 05:14:00+01:00;407
2014-04-02 05:15:00+01:00;1331
2014-04-02 05:16:00+01:00;1011
2014-04-02 05:17:00+01:00;864
2014-04-02 05:18:00+01:00;1166
2014-04-02 05:19:00+01:00;1312
2014-04-02 05:20:00+01:00;690
2014-04-02 05:21:00+01:00;1310
2014-04-02 05:22:00+01:00;565
2014-04-02 05:23:00+01:00;464
2014-04-02 05:24:00+01:00;357
2014-04-02 05:25:00+01:00;722
2014-04-02 05:26:00+01:00;410
2014-04-02 05:27:00+01:00;536
2014-04-02 05:28:00+01:00;744
2014-04-02 05:29:00+01:00;910
2014-04-02 05:30:00+01:00;353
2014-04-02 05:31:00+01:00;1212
2014-04-02 05:32:00+01:00;992
2014-04-02 05:33:00+01:00;319
2014-04-02 05:34:00+01:00;1225
2014-04-02 05:35:00+01:00;1112
2014-04-02 05:36:00+01:00;1108
2014-04-02 05:37:00+01:00;1188
2014-04-02 05:38:00+01:00;1066
2014-04-02 05:39:00+01:00;586
2014-04-02 05:40:00+01:00;695
2014-04-02 05:41:00+01:00;456
2014-04-02 05:42:00+01:00;504
2014-04-02 05:43:00+01:00;1204
2014-04-02 05:44:00+01:00;229
2014-04-02 05:45:00+01:00;983
2014-04-02 05:46:00+01:00;409
2014-04-02 05:47:00+01:00;848
2014-04-02 05:48:00+01:00;522
2014-04-02 05:49:00+01:00;602
2014-04-02 05:50:00+01:00;1195
2014-04-02 05:51:00+01:00;279
2014-04-02 05:52:00+01:00;393
2014-04-02 05:53:00+01:00;237
2014-04-02 05:54:00+01:00;963
2014-04-02 05:55:00+01:00;570
2014-04-02 05:56:00+01:00;780
2014-04-02 05:57:00+01:00;1231
2014-04-02 05:58:00+01:00;710
2014-04-02 05:59:00+01:00;1044
2014-04-02 06:00:00+01:00;622
2014-04-02 06:01:00+01:00;1170
2014-04-02 06:02:00+01:00;880
2014-04-02 06:03:00+01:00;411
2014-04-02 06:04:00+01:00;1147
2014-04-02 06:05:00+01:00;1258
2014-04-02 06:06:00+01:00;965
2014-04-02 06:07:00+01:00;815
2014-04-02 06:08:00+01:00;545
2014-04-02 06:09:00+01:00;1122
2014-04-02 06:10:00+01:00;463
2014-04-02 06:11:00+01:00;839
2014-04-02 06:12:00+01:00;2600
2014-04-02 06:13:00+01:00;4349
2014-04-02 06:14:00+01:00;4744
2014-04-02 06:15:00+01:00;4088
2014-04-02 06:16:00+01:00;2492
2014-04-02 06:17:00+01:00;2297
2014-04-02 06:18:00+01:00;1000
2014-04-02 06:19:00+01:00;759
2014-04-02 06:20:00+01:00;902
2014-04-02 06:21:00+01:00;807
2014-04-02 06:22:00+01:00;1279
2014-04-02 06:23:00+01:00;550
2014-04-02 06:24:00+01:00;529
2014-04-02 06:25:00+01:00;982
2014-04-02 06:26:00+01:00;708
2014-04-02 06:27:00+01:00;1208
2014-04-02 06:28:00+01:00;416
2014-04-02 06:29:00+01:00;723
2014-04-02 06:30:00+01:00;791
2014-04-02 06:31:00+01:00;1004
2014-04-02 06:32:00+01:00;1234
2014-04-02 06:33:00+01:00;1206
2014-04-02 06:34:00+01:00;666
2014-04-02 06:35:00+01:00;512
2014-04-02 06:36:00+01:00;926
2014-04-02 06:37:00+01:00;509
2014-04-02 06:38:00+01:00;427
2014-04-02 06:39:00+01:00;791
2014-04-02 06:40:00+01:00;502
2014-04-02 06:41:00+01:00;716
2014-04-02 06:42:00+01:00;366
2014-04-02 06:43:00+01:00;1129
2014-04-02 06:44:00+01:00;781
2014-04-02 06:45:00+01:00;374
2014-04-02 06:46:00+01:00;1033
2014-04-02 06:47:00+01:00;457
2014-04-02 06:48:00+01:00;1225
2014-04-02 06:49:00+01:00;600
2014-04-02 06:50:00+01:00;1154
2014-04-02 06:51:00+01:00;1209
2014-04-02 06:52:00+01:00;993
2014-04-02 06:53:00+01:00;1199
2014-04-02 06:54:00+01:00;1138
2014-04-02 06:55:00+01:00;663
2014-04-02 06:56:00+01:00;642
2014-04-02 06:57:00+01:00;482
2014-04-02 06:58:00+01:00;843
2014-04-02 06:59:00+01:00;1901
2014-04-02 07:00:00+01:00;2038
2014-04-02 07:01:00+01:00;1824
2014-04-02 07:02:00+01:00;1698
2014-04-02 07:03:00+01:00;1640
2014-04-02 07:04:00+01:00;1427
2014-04-02 07:05:00+01:00;2164
2014-04-02 07:06:00+01:00;1578
2014-04-02 07:07:00+01:00;2184
2014-04-02 07:08:00+01:00;1749
2014-04-02 07:09:00+01:00;1672
2014-04-02 07:10:00+01:00;1385
2014-04-02 07:11:00+01:00;1643
2014-04-02 07:12:00+01:00;1775
2014-04-02 07:13:00+01:00;1478
2014-04-02 07:14:00+01:00;1692
2014-04-02 07:15:00+01:00;1551
2014-04-02 07:16:00+01:00;2191
2014-04-02 07:17:00+01:00;1613
2014-04-02 07:18:00+01:00;1687
2014-04-02 07:19:00+01:00;1492
2014-04-02 07:20:00+01:00;2170
2014-04-02 07:21:00+01:00;1765
2014-04-02 07:22:00+01:00;1706
2014-04-02 07:23:00+01:00;1707
2014-04-02 07:24:00+01:00;2028
2014-04-02 07:25:00+01:00;1855
2014-04-02 07:26:00+01:00;1428
2014-04-02 07:27:00+01:00;2145
2014-04-02 07:28:00+01:00;1861
2014-04-02 07:29:00+01:00;1319
2014-04-02 07:30:00+01:00;810
2014-04-02 07:31:00+01:00;510
2014-04-02 07:32:00+01:00;684
2014-04-02 07:33:00+01:00;953
2014-04-02 07:34:00+01:00;1209
2014-04-02 07:35:00+01:00;924
2014-04-02 07:36:00+01:00;1316
2014-04-02 07:37:00+01:00;1277
2014-04-02 07:38:00+01:00;1002
2014-04-02 07:39:00+01:00;1064
2014-04-02 07:40:00+01:00;1125
2014-04-02 07:41:00+01:00;985
2014-04-02 07:42:00+01:00;1324
2014-04-02 07:43:00+01:00;908
2014-04-02 07:44:00+01:00;436
2014-04-02 07:45:00+01:00;855
2014-04-02 07:46:00+01:00;1082
2014-04-02 07:47:00+01:00;1378
2014-04-02 07:48:00+01:00;602
2014-04-02 07:49:00+01:00;864
2014-04-02 07:50:00+01:00;1284
2014-04-02 07:51:00+01:00;872
2014-04-02 07:52:00+01:00;1146
2014-04-02 07:53:00+01:00;841
2014-04-02 07:54:00+01:00;2460
2014-04-02 07:55:00+01:00;1854
2014-04-02 07:56:00+01:00;685
2014-04-02 07:57:00+01:00;2284
2014-04-02 07:58:00+01:00;2013
2014-04-02 07:59:00+01:00;538
2014-04-02 08:00:00+01:00;1060
2014-04-02 08:01:00+01:00;1053
2014-04-02 08:02:00+01:00;418
2014-04-02 08:03:00+01:00;1082
2014-04-02 08:04:00+01:00;1067
2014-04-02 08:05:00+01:00;402
2014-04-02 08:06:00+01:00;409
2014-04-02 08:07:00+01:00;1247
2014-04-02 08:08:00+01:00;1035
2014-04-02 08:09:00+01:00;1094
2014-04-02 08:10:00+01:00;1284
2014-04-02 08:11:00+01:00;588
2014-04-02 08:12:00+01:00;518
2014-04-02 08:13:00+01:00;947
2014-04-02 08:14:00+01:00;475
2014-04-02 08:15:00+01:00;1155
2014-04-02 08:16:00+01:00;911
2014-04-02 08:17:00+01:00;750
2014-04-02 08:18:00+01:00;1293
2014-04-02 08:19:00+01:00;478
2014-04-02 08:20:00+01:00;1240
2014-04-02 08:21:00+01:00;932
2014-04-02 08:22:00+01:00;356
2014-04-02 08:23:00+01:00;940
2014-04-02 08:24:00+01:00;1005
2014-04-02 08:25:00+01:00;499
2014-04-02 08:26:00+01:00;904
2014-04-02 08:27:00+01:00;595
2014-04-02 08:28:00+01:00;1160
2014-04-02 08:29:00+01:00;426
2014-04-02 08:30:00+01:00;546
2014-04-02 08:31:00+01:00;902
2014-04-02 08:32:00+01:00;1304
2014-04-02 08:33:00+01:00;1040
2014-04-02 08:34:00+01:00;576
2014-04-02 08:35:00+01:00;1080
2014-04-02 08:36:00+01:00;1277
2014-04-02 08:37:00+01:00;1145
2014-04-02 08:38:00+01:00;1220
2014-04-02 08:39:00+01:00;913
2014-04-02 08:40:00+01:00;639
2014-04-02 08:41:00+01:00;1150
2014-04-02 08:42:00+01:00;249
2014-04-02 08:43:00+01:00;939
2014-04-02 08:44:00+01:00;1078
2014-04-02 08:45:00+01:00;1015
2014-04-02 08:46:00+01:00;848
2014-04-02 08:47:00+01:00;884
2014-04-02 08:48:00+01:00;1205
2014-04-02 08:49:00+01:00;412
2014-04-02 08:50:00+01:00;1061
2014-04-02 08:51:00+01:00;461
2014-04-02 08:52:00+01:00;836
2014-04-02 08:53:00+01:00;673
2014-04-02 08:54:00+01:00;840
2014-04-02 08:55:00+01:00;770
2014-04-02 08:56:00+01:00;1185
2014-04-02 08:57:00+01:00;957
2014-04-02 08:58:00+01:00;469
2014-04-02 08:59:00+01:00;507
2014-04-02 09:00:00+01:00;680
2014-04-02 09:01:00+01:00;397
2014-04-02 09:02:00+01:00;912
2014-04-02 09:03:00+01:00;1102
2014-04-02 09:04:00+01:00;383
2014-04-02 09:05:00+01:00;533
2014-04-02 09:06:00+01:00;617
2014-04-02 09:07:00+01:00;842
2014-04-02 09:08:00+01:00;1162
2014-04-02 09:09:00+01:00;479
2014-04-02 09:10:00+01:00;709
2014-04-02 09:11:00+01:00;336
2014-04-02 09:12:00+01:00;424
2014-04-02 09:13:00+01:00;647
2014-04-02 09:14:00+01:00;1100
2014-04-02 09:15:00+01:00;1207
2014-04-02 09:16:00+01:00;237
2014-04-02 09:17:00+01:00;560
2014-04-02 09:18:00+01:00;672
2014-04-02 09:19:00+01:00;852
2014-04-02 09:20:00+01:00;848
2014-04-02 09:21:00+01:00;838
2014-04-02 09:22:00+01:00;822
2014-04-02 09:23:00+01:00;1144
2014-04-02 09:24:00+01:00;466
2014-04-02 09:25:00+01:00;305
2014-04-02 09:26:00+01:00;1146
2014-04-02 09:27:00+01:00;1145
2014-04-02 09:28:00+01:00;298
2014-04-02 09:29:00+01:00;565
2014-04-02 09:30:00+01:00;672
2014-04-02 09:31:00+01:00;820
2014-04-02 09:32:00+01:00;1128
2014-04-02 09:33:00+01:00;402
2014-04-02 09:34:00+01:00;928
2014-04-02 09:35:00+01:00;848
2014-04-02 09:36:00+01:00;613
2014-04-02 09:37:00+01:00;431
2014-04-02 09:38:00+01:00;763
2014-04-02 09:39:00+01:00;338
2014-04-02 09:40:00+01:00;325
2014-04-02 09:41:00+01:00;446
2014-04-02 09:42:00+01:00;1239
2014-04-02 09:43:00+01:00;911
2014-04-02 09:44:00+01:00;1047
2014-04-02 09:45:00+01:00;1093
2014-04-02 09:46:00+01:00;815
2014-04-02 09:47:00+01:00;960
2014-04-02 09:48:00+01:00;783
2014-04-02 09:49:00+01:00;1091
2014-04-02 09:50:00+01:00;857
2014-04-02 09:51:00+01:00;1054
2014-04-02 09:52:00+01:00;875
2014-04-02 09:53:00+01:00;260
2014-04-02 09:54:00+01:00;693
2014-04-02 09:55:00+01:00;908
2014-04-02 09:56:00+01:00;653
2014-04-02 09:57:00+01:00;812
2014-04-02 09:58:00+01:00;1174
2014-04-02 09:59:00+01:00;858
2014-04-02 10:00:00+01:00;361
2014-04-02 10:01:00+01:00;591
2014-04-02 10:02:00+01:00;950
2014-04-02 10:03:00+01:00;918
2014-04-02 10:04:00+01:00;1068
2014-04-02 10:05:00+01:00;1190
2014-04-02 10:06:00+01:00;944
2014-04-02 10:07:00+01:00;652
2014-04-02 10:08:00+01:00;1152
2014-04-02 10:09:00+01:00;1274
2014-04-02 10:10:00+01:00;836
2014-04-02 10:11:00+01:00;474
2014-04-02 10:12:00+01:00;974
2014-04-02 10:13:00+01:00;556
2014-04-02 10:14:00+01:00;1003
2014-04-02 10:15:00+01:00;1200
2014-04-02 10:16:00+01:00;1055
2014-04-02 10:17:00+01:00;598
2014-04-02 10:18:00+01:00;703
2014-04-02 10:19:00+01:00;933
2014-04-02 10:20:00+01:00;393
2014-04-02 10:21:00+01:00;964
2014-04-02 10:22:00+01:00;711
2014-04-02 10:23:00+01:00;809
2014-04-02 10:24:00+01:00;766
2014-04-02 10:25:00+01:00;828
2014-04-02 10:26:00+01:00;606
2014-04-02 10:27:00+01:00;957
2014-04-02 10:28:00+01:00;1169
2014-04-02 10:29:00+01:00;892
2014-04-02 10:30:00+01:00;816
2014-04-02 10:31:00+01:00;1107
2014-04-02 10:32:00+01:00;1196
2014-04-02 10:33:00+01:00;412
2014-04-02 10:34:00+01:00;372
2014-04-02 10:35:00+01:00;842
2014-04-02 10:36:00+01:00;795
2014-04-02 10:37:00+01:00;388
2014-04-02 10:38:00+01:00;561
2014-04-02 10:39:00+01:00;328
2014-04-02 10:40:00+01:00;788
2014-04-02 10:41:00+01:00;575
2014-04-02 10:42:00+01:00;635
2014-04-02 10:43:00+01:00;957
2014-04-02 10:44:00+01:00;1140
2014-04-02 10:45:00+01:00;929
2014-04-02 10:46:00+01:00;452
2014-04-02 10:47:00+01:00;422
2014-04-02 10:48:00+01:00;365
2014-04-02 10:49:00+01:00;1041
2014-04-02 10:50:00+01:00;778
2014-04-02 10:51:00+01:00;1237
2014-04-02 10:52:00+01:00;757
2014-04-02 10:53:00+01:00;1122
2014-04-02 10:54:00+01:00;552
2014-04-02 10:55:00+01:00;376
2014-04-02 10:56:00+01:00;826
2014-04-02 10:57:00+01:00;791
2014-04-02 10:58:00+01:00;326
2014-04-02 10:59:00+01:00;444
2014-04-02 11:00:00+01:00;862
2014-04-02 11:01:00+01:00;961
2014-04-02 11:02:00+01:00;604
2014-04-02 11:03:00+01:00;482
2014-04-02 11:04:00+01:00;575
2014-04-02 11:05:00+01:00;1015
2014-04-02 11:06:00+01:00;752
2014-04-02 11:07:00+01:00;677
2014-04-02 11:08:00+01:00;923
2014-04-02 11:09:00+01:00;507
2014-04-02 11:10:00+01:00;295
2014-04-02 11:11:00+01:00;962
2014-04-02 11:12:00+01:00;1017
2014-04-02 11:13:00+01:00;794
2014-04-02 11:14:00+01:00;946
2014-04-02 11:15:00+01:00;793
2014-04-02 11:16:00+01:00;1149
2014-04-02 11:17:00+01:00;379
2014-04-02 11:18:00+01:00;1141
2014-04-02 11:19:00+01:00;1015
2014-04-02 11:20:00+01:00;883
2014-04-02 11:21:00+01:00;400
2014-04-02 11:22:00+01:00;621
2014-04-02 11:23:00+01:00;255
2014-04-02 11:24:00+01:00;552
2014-04-02 11:25:00+01:00;534
2014-04-02 11:26:00+01:00;478
2014-04-02 11:27:00+01:00;381
2014-04-02 11:28:00+01:00;780
2014-04-02 11:29:00+01:00;763
2014-04-02 11:30:00+01:00;423
2014-04-02 11:31:00+01:00;529
2014-04-02 11:32:00+01:00;648
2014-04-02 11:33:00+01:00;1222
2014-04-02 11:34:00+01:00;377
2014-04-02 11:35:00+01:00;964
2014-04-02 11:36:00+01:00;968
2014-04-02 11:37:00+01:00;577
2014-04-02 11:38:00+01:00;815
2014-04-02 11:39:00+01:00;1038
2014-04-02 11:40:00+01:00;430
2014-04-02 11:41:00+01:00;1145
2014-04-02 11:42:00+01:00;1182
2014-04-02 11:43:00+01:00;1185
2014-04-02 11:44:00+01:00;337
2014-04-02 11:45:00+01:00;507
2014-04-02 11:46:00+01:00;475
2014-04-02 11:47:00+01:00;963
2014-04-02 11:48:00+01:00;516
2014-04-02 11:49:00+01:00;841
2014-04-02 11:50:00+01:00;818
2014-04-02 11:51:00+01:00;971
2014-04-02 11:52:00+01:00;659
2014-04-02 11:53:00+01:00;1067
2014-04-02 11:54:00+01:00;1188
2014-04-02 11:55:00+01:00;289
2014-04-02 11:56:00+01:00;384
2014-04-02 11:57:00+01:00;745
2014-04-02 11:58:00+01:00;1260
2014-04-02 11:59:00+01:00;395
2014-04-02 12:00:00+01:00;541
2014-04-02 12:01:00+01:00;631
2014-04-02 12:02:00+01:00;1248
2014-04-02 12:03:00+01:00;472
2014-04-02 12:04:00+01:00;1250
2014-04-02 12:05:00+01:00;1088
2014-04-02 12:06:00+01:00;977
2014-04-02 12:07:00+01:00;1064
2014-04-02 12:08:00+01:00;570
2014-04-02 12:09:00+01:00;562
2014-04-02 12:10:00+01:00;652
2014-04-02 12:11:00+01:00;411
2014-04-02 12:12:00+01:00;609
2014-04-02 12:13:00+01:00;1229
2014-04-02 12:14:00+01:00;648
2014-04-02 12:15:00+01:00;1042
2014-04-02 12:16:00+01:00;991
2014-04-02 12:17:00+01:00;963
2014-04-02 12:18:00+01:00;616
2014-04-02 12:19:00+01:00;732
2014-04-02 12:20:00+01:00;1134
2014-04-02 12:21:00+01:00;603
2014-04-02 12:22:00+01:00;718
2014-04-02 12:23:00+01:00;824
2014-04-02 12:24:00+01:00;256
2014-04-02 12:25:00+01:00;376
2014-04-02 12:26:00+01:00;1150
2014-04-02 12:27:00+01:00;436
2014-04-02 12:28:00+01:00;604
2014-04-02 12:29:00+01:00;872
2014-04-02 12:30:00+01:00;1174
2014-04-02 12:31:00+01:00;1186
2014-04-02 12:32:00+01:00;1036
2014-04-02 12:33:00+01:00;806
2014-04-02 12:34:00+01:00;839
2014-04-02 12:35:00+01:00;462
2014-04-02 12:36:00+01:00;1056
2014-04-02 12:37:00+01:00;940
2014-04-02 12:38:00+01:00;446
2014-04-02 12:39:00+01:00;396
2014-04-02 12:40:00+01:00;1078
2014-04-02 12:41:00+01:00;421
2014-04-02 12:42:00+01:00;700
2014-04-02 12:43:00+01:00;624
2014-04-02 12:44:00+01:00;581
2014-04-02 12:45:00+01:00;1186
2014-04-02 12:46:00+01:00;357
2014-04-02 12:47:00+01:00;429
2014-04-02 12:48:00+01:00;1015
2014-04-02 12:49:00+01:00;833
2014-04-02 12:50:00+01:00;599
2014-04-02 12:51:00+01:00;722
2014-04-02 12:52:00+01:00;915
2014-04-02 12:53:00+01:00;494
2014-04-02 12:54:00+01:00;363
2014-04-02 12:55:00+01:00;741
2014-04-02 12:56:00+01:00;416
2014-04-02 12:57:00+01:00;1073
2014-04-02 12:58:00+01:00;425
2014-04-02 12:59:00+01:00;429
2014-04-02 13:00:00+01:00;1123
2014-04-02 13:01:00+01:00;765
2014-04-02 13:02:00+01:00;629
2014-04-02 13:03:00+01:00;428
2014-04-02 13:04:00+01:00;1162
2014-04-02 13:05:00+01:00;654
2014-04-02 13:06:00+01:00;933
2014-04-02 13:07:00+01:00;1293
2014-04-02 13:08:00+01:00;889
2014-04-02 13:09:00+01:00;1167
2014-04-02 13:10:00+01:00;479
2014-04-02 13:11:00+01:00;837
2014-04-02 13:12:00+01:00;1170
2014-04-02 13:13:00+01:00;992
2014-04-02 13:14:00+01:00;554
2014-04-02 13:15:00+01:00;578
2014-04-02 13:16:00+01:00;1095
2014-04-02 13:17:00+01:00;1123
2014-04-02 13:18:00+01:00;527
2014-04-02 13:19:00+01:00;1183
2014-04-02 13:20:00+01:00;517
2014-04-02 13:21:00+01:00;356
2014-04-02 13:22:00+01:00;1092
2014-04-02 13:23:00+01:00;1209
2014-04-02 13:24:00+01:00;306
2014-04-02 13:25:00+01:00;271
2014-04-02 13:26:00+01:00;482
2014-04-02 13:27:00+01:00;297
2014-04-02 13:28:00+01:00;268
2014-04-02 13:29:00+01:00;1084
2014-04-02 13:30:00+01:00;1160
2014-04-02 13:31:00+01:00;1108
2014-04-02 13:32:00+01:00;582
2014-04-02 13:33:00+01:00;938
2014-04-02 13:34:00+01:00;992
2014-04-02 13:35:00+01:00;1046
2014-04-02 13:36:00+01:00;962
2014-04-02 13:37:00+01:00;779
2014-04-02 13:38:00+01:00;510
2014-04-02 13:39:00+01:00;887
2014-04-02 13:40:00+01:00;636
2014-04-02 13:41:00+01:00;342
2014-04-02 13:42:00+01:00;703
2014-04-02 13:43:00+01:00;1271
2014-04-02 13:44:00+01:00;724
2014-04-02 13:45:00+01:00;602
2014-04-02 13:46:00+01:00;624
2014-04-02 13:47:00+01:00;464
2014-04-02 13:48:00+01:00;797
2014-04-02 13:49:00+01:00;536
2014-04-02 13:50:00+01:00;717
2014-04-02 13:51:00+01:00;463
2014-04-02 13:52:00+01:00;1137
2014-04-02 13:53:00+01:00;382
2014-04-02 13:54:00+01:00;1223
2014-04-02 13:55:00+01:00;505
2014-04-02 13:56:00+01:00;502
2014-04-02 13:57:00+01:00;975
2014-04-02 13:58:00+01:00;735
2014-04-02 13:59:00+01:00;835
2014-04-02 14:00:00+01:00;646
2014-04-02 14:01:00+01:00;608
2014-04-02 14:02:00+01:00;432
2014-04-02 14:03:00+01:00;745
2014-04-02 14:04:00+01:00;1080
2014-04-02 14:05:00+01:00;1005
2014-04-02 14:06:00+01:00;991
2014-04-02 14:07:00+01:00;1040
2014-04-02 14:08:00+01:00;1248
2014-04-02 14:09:00+01:00;1263
2014-04-02 14:10:00+01:00;1227
2014-04-02 14:11:00+01:00;600
2014-04-02 14:12:00+01:00;789
2014-04-02 14:13:00+01:00;691
2014-04-02 14:14:00+01:00;1076
2014-04-02 14:15:00+01:00;301
2014-04-02 14:16:00+01:00;759
2014-04-02 14:17:00+01:00;672
2014-04-02 14:18:00+01:00;949
2014-04-02 14:19:00+01:00;621
2014-04-02 14:20:00+01:00;780
2014-04-02 14:21:00+01:00;757
2014-04-02 14:22:00+01:00;672
2014-04-02 14:23:00+01:00;472
2014-04-02 14:24:00+01:00;460
2014-04-02 14:25:00+01:00;756
2014-04-02 14:26:00+01:00;1111
2014-04-02 14:27:00+01:00;444
2014-04-02 14:28:00+01:00;677
2014-04-02 14:29:00+01:00;778
2014-04-02 14:30:00+01:00;624
2014-04-02 14:31:00+01:00;372
2014-04-02 14:32:00+01:00;403
2014-04-02 14:33:00+01:00;1210
2014-04-02 14:34:00+01:00;407
2014-04-02 14:35:00+01:00;837
2014-04-02 14:36:00+01:00;958
2014-04-02 14:37:00+01:00;653
2014-04-02 14:38:00+01:00;629
2014-04-02 14:39:00+01:00;593
2014-04-02 14:40:00+01:00;503
2014-04-02 14:41:00+01:00;1246
2014-04-02 14:42:00+01:00;727
2014-04-02 14:43:00+01:00;733
2014-04-02 14:44:00+01:00;1271
2014-04-02 14:45:00+01:00;646
2014-04-02 14:46:00+01:00;514
2014-04-02 14:47:00+01:00;280
2014-04-02 14:48:00+01:00;923
2014-04-02 14:49:00+01:00;1014
2014-04-02 14:50:00+01:00;806
2014-04-02 14:51:00+01:00;942
2014-04-02 14:52:00+01:00;1028
2014-04-02 14:53:00+01:00;813
2014-04-02 14:54:00+01:00;693
2014-04-02 14:55:00+01:00;535
2014-04-02 14:56:00+01:00;249
2014-04-02 14:57:00+01:00;1034
2014-04-02 14:58:00+01:00;775
2014-04-02 14:59:00+01:00;497
2014-04-02 15:00:00+01:00;867
2014-04-02 15:01:00+01:00;1011
2014-04-02 15:02:00+01:00;978
2014-04-02 15:03:00+01:00;1118
2014-04-02 15:04:00+01:00;655
2014-04-02 15:05:00+01:00;1224
2014-04-02 15:06:00+01:00;1351
2014-04-02 15:07:00+01:00;477
2014-04-02 15:08:00+01:00;625
2014-04-02 15:09:00+01:00;585
2014-04-02 15:10:00+01:00;729
2014-04-02 15:11:00+01:00;1206
2014-04-02 15:12:00+01:00;725
2014-04-02 15:13:00+01:00;1381
2014-04-02 15:14:00+01:00;379
2014-04-02 15:15:00+01:00;776
2014-04-02 15:16:00+01:00;713
2014-04-02 15:17:00+01:00;542
2014-04-02 15:18:00+01:00;971
2014-04-02 15:19:00+01:00;372
2014-04-02 15:20:00+01:00;883
2014-04-02 15:21:00+01:00;899
2014-04-02 15:22:00+01:00;1093
2014-04-02 15:23:00+01:00;875
2014-04-02 15:24:00+01:00;593
2014-04-02 15:25:00+01:00;387
2014-04-02 15:26:00+01:00;580
2014-04-02 15:27:00+01:00;532
2014-04-02 15:28:00+01:00;934
2014-04-02 15:29:00+01:00;766
2014-04-02 15:30:00+01:00;1198
2014-04-02 15:31:00+01:00;1174
2014-04-02 15:32:00+01:00;1357
2014-04-02 15:33:00+01:00;1120
2014-04-02 15:34:00+01:00;1254
2014-04-02 15:35:00+01:00;1064
2014-04-02 15:36:00+01:00;589
2014-04-02 15:37:00+01:00;1078
2014-04-02 15:38:00+01:00;696
2014-04-02 15:39:00+01:00;1099
2014-04-02 15:40:00+01:00;468
2014-04-02 15:41:00+01:00;1026
2014-04-02 15:42:00+01:00;913
2014-04-02 15:43:00+01:00;1186
2014-04-02 15:44:00+01:00;1008
2014-04-02 15:45:00+01:00;599
2014-04-02 15:46:00+01:00;825
2014-04-02 15:47:00+01:00;309
2014-04-02 15:48:00+01:00;414
2014-04-02 15:49:00+01:00;841
2014-04-02 15:50:00+01:00;927
2014-04-02 15:51:00+01:00;1157
2014-04-02 15:52:00+01:00;320
2014-04-02 15:53:00+01:00;346
2014-04-02 15:54:00+01:00;272
2014-04-02 15:55:00+01:00;1755
2014-04-02 15:56:00+01:00;2292
2014-04-02 15:57:00+01:00;1660
2014-04-02 15:58:00+01:00;2038
2014-04-02 15:59:00+01:00;915
2014-04-02 16:00:00+01:00;952
2014-04-02 16:01:00+01:00;351
2014-04-02 16:02:00+01:00;532
2014-04-02 16:03:00+01:00;557
2014-04-02 16:04:00+01:00;1022
2014-04-02 16:05:00+01:00;490
2014-04-02 16:06:00+01:00;936
2014-04-02 16:07:00+01:00;386
2014-04-02 16:08:00+01:00;530
2014-04-02 16:09:00+01:00;734
2014-04-02 16:10:00+01:00;633
2014-04-02 16:11:00+01:00;965
2014-04-02 16:12:00+01:00;895
2014-04-02 16:13:00+01:00;992
2014-04-02 16:14:00+01:00;924
2014-04-02 16:15:00+01:00;393
2014-04-02 16:16:00+01:00;1049
2014-04-02 16:17:00+01:00;818
2014-04-02 16:18:00+01:00;837
2014-04-02 16:19:00+01:00;770
2014-04-02 16:20:00+01:00;600
2014-04-02 16:21:00+01:00;663
2014-04-02 16:22:00+01:00;810
2014-04-02 16:23:00+01:00;973
2014-04-02 16:24:00+01:00;782
2014-04-02 16:25:00+01:00;1395
2014-04-02 16:26:00+01:00;852
2014-04-02 16:27:00+01:00;501
2014-04-02 16:28:00+01:00;1344
2014-04-02 16:29:00+01:00;675
2014-04-02 16:30:00+01:00;492
2014-04-02 16:31:00+01:00;833
2014-04-02 16:32:00+01:00;582
2014-04-02 16:33:00+01:00;1088
2014-04-02 16:34:00+01:00;1088
2014-04-02 16:35:00+01:00;1424
2014-04-02 16:36:00+01:00;609
2014-04-02 16:37:00+01:00;636
2014-04-02 16:38:00+01:00;1114
2014-04-02 16:39:00+01:00;1362
2014-04-02 16:40:00+01:00;858
2014-04-02 16:41:00+01:00;1015
2014-04-02 16:42:00+01:00;1018
2014-04-02 16:43:00+01:00;766
2014-04-02 16:44:00+01:00;873
2014-04-02 16:45:00+01:00;1095
2014-04-02 16:46:00+01:00;695
2014-04-02 16:47:00+01:00;843
2014-04-02 16:48:00+01:00;721
2014-04-02 16:49:00+01:00;524
2014-04-02 16:50:00+01:00;782
2014-04-02 16:51:00+01:00;773
2014-04-02 16:52:00+01:00;494
2014-04-02 16:53:00+01:00;1292
2014-04-02 16:54:00+01:00;611
2014-04-02 16:55:00+01:00;1133
2014-04-02 16:56:00+01:00;905
2014-04-02 16:57:00+01:00;642
2014-04-02 16:58:00+01:00;1055
2014-04-02 16:59:00+01:00;914
2014-04-02 17:00:00+01:00;1101
2014-04-02 17:01:00+01:00;1340
2014-04-02 17:02:00+01:00;849
2014-04-02 17:03:00+01:00;825
2014-04-02 17:04:00+01:00;916
2014-04-02 17:05:00+01:00;725
2014-04-02 17:06:00+01:00;466
2014-04-02 17:07:00+01:00;1429
2014-04-02 17:08:00+01:00;1380
2014-04-02 17:09:00+01:00;1310
2014-04-02 17:10:00+01:00;659
2014-04-02 17:11:00+01:00;516
2014-04-02 17:12:00+01:00;602
2014-04-02 17:13:00+01:00;770
2014-04-02 17:14:00+01:00;552
2014-04-02 17:15:00+01:00;1244
2014-04-02 17:16:00+01:00;551
2014-04-02 17:17:00+01:00;1213
2014-04-02 17:18:00+01:00;1038
2014-04-02 17:19:00+01:00;878
2014-04-02 17:20:00+01:00;1224
2014-04-02 17:21:00+01:00;658
2014-04-02 17:22:00+01:00;1097
2014-04-02 17:23:00+01:00;666
2014-04-02 17:24:00+01:00;1466
2014-04-02 17:25:00+01:00;1172
2014-04-02 17:26:00+01:00;1177
2014-04-02 17:27:00+01:00;1501
2014-04-02 17:28:00+01:00;894
2014-04-02 17:29:00+01:00;1130
2014-04-02 17:30:00+01:00;1005
2014-04-02 17:31:00+01:00;1090
2014-04-02 17:32:00+01:00;727
2014-04-02 17:33:00+01:00;1256
2014-04-02 17:34:00+01:00;625
2014-04-02 17:35:00+01:00;917
2014-04-02 17:36:00+01:00;615
2014-04-02 17:37:00+01:00;1463
2014-04-02 17:38:00+01:00;822
2014-04-02 17:39:00+01:00;1180
2014-04-02 17:40:00+01:00;859
2014-04-02 17:41:00+01:00;1498
2014-04-02 17:42:00+01:00;783
2014-04-02 17:43:00+01:00;637
2014-04-02 17:44:00+01:00;1071
2014-04-02 17:45:00+01:00;1108
2014-04-02 17:46:00+01:00;1124
2014-04-02 17:47:00+01:00;956
2014-04-02 17:48:00+01:00;782
2014-04-02 17:49:00+01:00;1119
2014-04-02 17:50:00+01:00;633
2014-04-02 17:51:00+01:00;1279
2014-04-02 17:52:00+01:00;649
2014-04-02 17:53:00+01:00;966
2014-04-02 17:54:00+01:00;726
2014-04-02 17:55:00+01:00;1278
2014-04-02 17:56:00+01:00;1003
2014-04-02 17:57:00+01:00;3475
2014-04-02 17:58:00+01:00;3223
2014-04-02 17:59:00+01:00;3695
2014-04-02 18:00:00+01:00;3098
2014-04-02 18:01:00+01:00;3594
2014-04-02 18:02:00+01:00;1276
2014-04-02 18:03:00+01:00;1365
2014-04-02 18:04:00+01:00;1334
2014-04-02 18:05:00+01:00;2168
2014-04-02 18:06:00+01:00;2473
2014-04-02 18:07:00+01:00;1673
2014-04-02 18:08:00+01:00;2370
2014-04-02 18:09:00+01:00;1410
2014-04-02 18:10:00+01:00;1631
2014-04-02 18:11:00+01:00;1996
2014-04-02 18:12:00+01:00;1888
2014-04-02 18:13:00+01:00;3028
2014-04-02 18:14:00+01:00;3966
2014-04-02 18:15:00+01:00;5031
2014-04-02 18:16:00+01:00;2972
2014-04-02 18:17:00+01:00;2322
2014-04-02 18:18:00+01:00;1916
2014-04-02 18:19:00+01:00;1632
2014-04-02 18:20:00+01:00;1709
2014-04-02 18:21:00+01:00;2605
2014-04-02 18:22:00+01:00;2171
2014-04-02 18:23:00+01:00;2175
2014-04-02 18:24:00+01:00;1027
2014-04-02 18:25:00+01:00;1912
2014-04-02 18:26:00+01:00;2599
2014-04-02 18:27:00+01:00;1265
2014-04-02 18:28:00+01:00;1808
2014-04-02 18:29:00+01:00;2410
2014-04-02 18:30:00+01:00;1043
2014-04-02 18:31:00+01:00;2270
2014-04-02 18:32:00+01:00;1585
2014-04-02 18:33:00+01:00;2559
2014-04-02 18:34:00+01:00;2268
2014-04-02 18:35:00+01:00;1022
2014-04-02 18:36:00+01:00;1545
2014-04-02 18:37:00+01:00;1793
2014-04-02 18:38:00+01:00;992
2014-04-02 18:39:00+01:00;1362
2014-04-02 18:40:00+01:00;1240
2014-04-02 18:41:00+01:00;650
2014-04-02 18:42:00+01:00;1112
2014-04-02 18:43:00+01:00;1029
2014-04-02 18:44:00+01:00;721
2014-04-02 18:45:00+01:00;1039
2014-04-02 18:46:00+01:00;886
2014-04-02 18:47:00+01:00;2085
2014-04-02 18:48:00+01:00;2616
2014-04-02 18:49:00+01:00;2151
2014-04-02 18:50:00+01:00;836
2014-04-02 18:51:00+01:00;1305
2014-04-02 18:52:00+01:00;1647
2014-04-02 18:53:00+01:00;1745
2014-04-02 18:54:00+01:00;1742
2014-04-02 18:55:00+01:00;1426
2014-04-02 18:56:00+01:00;1471
2014-04-02 18:57:00+01:00;1929
2014-04-02 18:58:00+01:00;2327
2014-04-02 18:59:00+01:00;2117
2014-04-02 19:00:00+01:00;1501
2014-04-02 19:01:00+01:00;1469
2014-04-02 19:02:00+01:00;1633
2014-04-02 19:03:00+01:00;1950
2014-04-02 19:04:00+01:00;2144
2014-04-02 19:05:00+01:00;2279
2014-04-02 19:06:00+01:00;1518
2014-04-02 19:07:00+01:00;1494
2014-04-02 19:08:00+01:00;1178
2014-04-02 19:09:00+01:00;991
2014-04-02 19:10:00+01:00;714
2014-04-02 19:11:00+01:00;695
2014-04-02 19:12:00+01:00;1338
2014-04-02 19:13:00+01:00;934
2014-04-02 19:14:00+01:00;460
2014-04-02 19:15:00+01:00;1301
2014-04-02 19:16:00+01:00;497
2014-04-02 19:17:00+01:00;991
2014-04-02 19:18:00+01:00;1096
2014-04-02 19:19:00+01:00;1600
2014-04-02 19:20:00+01:00;2209
2014-04-02 19:21:00+01:00;2068
2014-04-02 19:22:00+01:00;1906
2014-04-02 19:23:00+01:00;1738
2014-04-02 19:24:00+01:00;1690
2014-04-02 19:25:00+01:00;1875
2014-04-02 19:26:00+01:00;1981
2014-04-02 19:27:00+01:00;1961
2014-04-02 19:28:00+01:00;1675
2014-04-02 19:29:00+01:00;1626
2014-04-02 19:30:00+01:00;586
2014-04-02 19:31:00+01:00;673
2014-04-02 19:32:00+01:00;711
2014-04-02 19:33:00+01:00;786
2014-04-02 19:34:00+01:00;108
2014-04-02 19:35:00+01:00;748
2014-04-02 19:36:00+01:00;208
2014-04-02 19:37:00+01:00;194
2014-04-02 19:38:00+01:00;492
2014-04-02 19:39:00+01:00;904
2014-04-02 19:40:00+01:00;4586
2014-04-02 19:41:00+01:00;3801
2014-04-02 19:42:00+01:00;3755
2014-04-02 19:43:00+01:00;4577
2014-04-02 19:44:00+01:00;4717
2014-04-02 19:45:00+01:00;3844
2014-04-02 19:46:00+01:00;4275
2014-04-02 19:47:00+01:00;4809
2014-04-02 19:48:00+01:00;3866
2014-04-02 19:49:00+01:00;4099
2014-04-02 19:50:00+01:00;6117
2014-04-02 19:51:00+01:00;6640
2014-04-02 19:52:00+01:00;4476
2014-04-02 19:53:00+01:00;3450
2014-04-02 19:54:00+01:00;2501
2014-04-02 19:55:00+01:00;2336
2014-04-02 19:56:00+01:00;2048
2014-04-02 19:57:00+01:00;2259
2014-04-02 19:58:00+01:00;2065
2014-04-02 19:59:00+01:00;2706
2014-04-02 20:00:00+01:00;2165
2014-04-02 20:01:00+01:00;1975
2014-04-02 20:02:00+01:00;2610
2014-04-02 20:03:00+01:00;2582
2014-04-02 20:04:00+01:00;1900
2014-04-02 20:05:00+01:00;2519
2014-04-02 20:06:00+01:00;2511
2014-04-02 20:07:00+01:00;2070
2014-04-02 20:08:00+01:00;2585
2014-04-02 20:09:00+01:00;2508
2014-04-02 20:10:00+01:00;2422
2014-04-02 20:11:00+01:00;2153
2014-04-02 20:12:00+01:00;2479
2014-04-02 20:13:00+01:00;2207
2014-04-02 20:14:00+01:00;1952
2014-04-02 20:15:00+01:00;2151
2014-04-02 20:16:00+01:00;1724
2014-04-02 20:17:00+01:00;1408
2014-04-02 20:18:00+01:00;2173
2014-04-02 20:19:00+01:00;1569
2014-04-02 20:20:00+01:00;2283
2014-04-02 20:21:00+01:00;1804
2014-04-02 20:22:00+01:00;1898
2014-04-02 20:23:00+01:00;1860
2014-04-02 20:24:00+01:00;1745
2014-04-02 20:25:00+01:00;1860
2014-04-02 20:26:00+01:00;2108
2014-04-02 20:27:00+01:00;2514
2014-04-02 20:28:00+01:00;1591
2014-04-02 20:29:00+01:00;2213
2014-04-02 20:30:00+01:00;2440
2014-04-02 20:31:00+01:00;1588
2014-04-02 20:32:00+01:00;1700
2014-04-02 20:33:00+01:00;1664
2014-04-02 20:34:00+01:00;1583
2014-04-02 20:35:00+01:00;1555
2014-04-02 20:36:00+01:00;1698
2014-04-02 20:37:00+01:00;2247
2014-04-02 20:38:00+01:00;2306
2014-04-02 20:39:00+01:00;1636
2014-04-02 20:40:00+01:00;1587
2014-04-02 20:41:00+01:00;2270
2014-04-02 20:42:00+01:00;2312
2014-04-02 20:43:00+01:00;1693
2014-04-02 20:44:00+01:00;2225
2014-04-02 20:45:00+01:00;2168
2014-04-02 20:46:00+01:00;2064
2014-04-02 20:47:00+01:00;2376
2014-04-02 20:48:00+01:00;1992
2014-04-02 20:49:00+01:00;1527
2014-04-02 20:50:00+01:00;1768
2014-04-02 20:51:00+01:00;2247
2014-04-02 20:52:00+01:00;2187
2014-04-02 20:53:00+01:00;1877
2014-04-02 20:54:00+01:00;2209
2014-04-02 20:55:00+01:00;1973
2014-04-02 20:56:00+01:00;1695
2014-04-02 20:57:00+01:00;1583
2014-04-02 20:58:00+01:00;1596
2014-04-02 20:59:00+01:00;1795
2014-04-02 21:00:00+01:00;2320
2014-04-02 21:01:00+01:00;3996
2014-04-02 21:02:00+01:00;4856
2014-04-02 21:03:00+01:00;2080
2014-04-02 21:04:00+01:00;1860
2014-04-02 21:05:00+01:00;1856
2014-04-02 21:06:00+01:00;1501
2014-04-02 21:07:00+01:00;1901
2014-04-02 21:08:00+01:00;1462
2014-04-02 21:09:00+01:00;2040
2014-04-02 21:10:00+01:00;3106
2014-04-02 21:11:00+01:00;3721
2014-04-02 21:12:00+01:00;3766
2014-04-02 21:13:00+01:00;4229
2014-04-02 21:14:00+01:00;3921
2014-04-02 21:15:00+01:00;3781
2014-04-02 21:16:00+01:00;4321
2014-04-02 21:17:00+01:00;4007
2014-04-02 21:18:00+01:00;3910
2014-04-02 21:19:00+01:00;4111
2014-04-02 21:20:00+01:00;3820
2014-04-02 21:21:00+01:00;3204
2014-04-02 21:22:00+01:00;2880
2014-04-02 21:23:00+01:00;2238
2014-04-02 21:24:00+01:00;2296
2014-04-02 21:25:00+01:00;3001
2014-04-02 21:26:00+01:00;2033
2014-04-02 21:27:00+01:00;2667
2014-04-02 21:28:00+01:00;500
2014-04-02 21:29:00+01:00;586
2014-04-02 21:30:00+01:00;306
2014-04-02 21:31:00+01:00;782
2014-04-02 21:32:00+01:00;1013
2014-04-02 21:33:00+01:00;409
2014-04-02 21:34:00+01:00;399
2014-04-02 21:35:00+01:00;1065
2014-04-02 21:36:00+01:00;462
2014-04-02 21:37:00+01:00;1069
2014-04-02 21:38:00+01:00;1165
2014-04-02 21:39:00+01:00;654
2014-04-02 21:40:00+01:00;717
2014-04-02 21:41:00+01:00;1086
2014-04-02 21:42:00+01:00;320
2014-04-02 21:43:00+01:00;452
2014-04-02 21:44:00+01:00;337
2014-04-02 21:45:00+01:00;514
2014-04-02 21:46:00+01:00;813
2014-04-02 21:47:00+01:00;949
2014-04-02 21:48:00+01:00;286
2014-04-02 21:49:00+01:00;272
2014-04-02 21:50:00+01:00;1139
2014-04-02 21:51:00+01:00;659
2014-04-02 21:52:00+01:00;558
2014-04-02 21:53:00+01:00;775
2014-04-02 21:54:00+01:00;353
2014-04-02 21:55:00+01:00;511
2014-04-02 21:56:00+01:00;866
2014-04-02 21:57:00+01:00;908
2014-04-02 21:58:00+01:00;352
2014-04-02 21:59:00+01:00;795
2014-04-02 22:00:00+01:00;613
2014-04-02 22:01:00+01:00;1245
2014-04-02 22:02:00+01:00;445
2014-04-02 22:03:00+01:00;446
2014-04-02 22:04:00+01:00;870
2014-04-02 22:05:00+01:00;1133
2014-04-02 22:06:00+01:00;753
2014-04-02 22:07:00+01:00;1003
2014-04-02 22:08:00+01:00;1021
2014-04-02 22:09:00+01:00;1050
2014-04-02 22:10:00+01:00;487
2014-04-02 22:11:00+01:00;795
2014-04-02 22:12:00+01:00;374
2014-04-02 22:13:00+01:00;996
2014-04-02 22:14:00+01:00;911
2014-04-02 22:15:00+01:00;891
2014-04-02 22:16:00+01:00;255
2014-04-02 22:17:00+01:00;1115
2014-04-02 22:18:00+01:00;899
2014-04-02 22:19:00+01:00;1160
2014-04-02 22:20:00+01:00;251
2014-04-02 22:21:00+01:00;880
2014-04-02 22:22:00+01:00;497
2014-04-02 22:23:00+01:00;820
2014-04-02 22:24:00+01:00;405
2014-04-02 22:25:00+01:00;265
2014-04-02 22:26:00+01:00;471
2014-04-02 22:27:00+01:00;354
2014-04-02 22:28:00+01:00;1034
2014-04-02 22:29:00+01:00;627
2014-04-02 22:30:00+01:00;292
2014-04-02 22:31:00+01:00;860
2014-04-02 22:32:00+01:00;579
2014-04-02 22:33:00+01:00;738
2014-04-02 22:34:00+01:00;713
2014-04-02 22:35:00+01:00;834
2014-04-02 22:36:00+01:00;1288
2014-04-02 22:37:00+01:00;833
2014-04-02 22:38:00+01:00;327
2014-04-02 22:39:00+01:00;941
2014-04-02 22:40:00+01:00;1184
2014-04-02 22:41:00+01:00;1204
2014-04-02 22:42:00+01:00;640
2014-04-02 22:43:00+01:00;944
2014-04-02 22:44:00+01:00;933
2014-04-02 22:45:00+01:00;599
2014-04-02 22:46:00+01:00;519
2014-04-02 22:47:00+01:00;1022
2014-04-02 22:48:00+01:00;849
2014-04-02 22:49:00+01:00;956
2014-04-02 22:50:00+01:00;1229
2014-04-02 22:51:00+01:00;1135
2014-04-02 22:52:00+01:00;401
2014-04-02 22:53:00+01:00;662
2014-04-02 22:54:00+01:00;918
2014-04-02 22:55:00+01:00;537
2014-04-02 22:56:00+01:00;294
2014-04-02 22:57:00+01:00;300
2014-04-02 22:58:00+01:00;331
2014-04-02 22:59:00+01:00;320
2014-04-02 23:00:00+01:00;624
2014-04-02 23:01:00+01:00;1204
2014-04-02 23:02:00+01:00;418
2014-04-02 23:03:00+01:00;1225
2014-04-02 23:04:00+01:00;374
2014-04-02 23:05:00+01:00;1170
2014-04-02 23:06:00+01:00;826
2014-04-02 23:07:00+01:00;532
2014-04-02 23:08:00+01:00;407
2014-04-02 23:09:00+01:00;1067
2014-04-02 23:10:00+01:00;336
2014-04-02 23:11:00+01:00;1146
2014-04-02 23:12:00+01:00;905
2014-04-02 23:13:00+01:00;536
2014-04-02 23:14:00+01:00;380
2014-04-02 23:15:00+01:00;1119
2014-04-02 23:16:00+01:00;1085
2014-04-02 23:17:00+01:00;557
2014-04-02 23:18:00+01:00;1030
2014-04-02 23:19:00+01:00;1087
2014-04-02 23:20:00+01:00;1192
2014-04-02 23:21:00+01:00;488
2014-04-02 23:22:00+01:00;393
2014-04-02 23:23:00+01:00;236
2014-04-02 23:24:00+01:00;535
2014-04-02 23:25:00+01:00;1106
2014-04-02 23:26:00+01:00;297
2014-04-02 23:27:00+01:00;973
2014-04-02 23:28:00+01:00;1002
2014-04-02 23:29:00+01:00;565
2014-04-02 23:30:00+01:00;1165
2014-04-02 23:31:00+01:00;654
2014-04-02 23:32:00+01:00;576
2014-04-02 23:33:00+01:00;784
2014-04-02 23:34:00+01:00;654
2014-04-02 23:35:00+01:00;1074
2014-04-02 23:36:00+01:00;357
2014-04-02 23:37:00+01:00;354
2014-04-02 23:38:00+01:00;530
2014-04-02 23:39:00+01:00;410
2014-04-02 23:40:00+01:00;754
2014-04-02 23:41:00+01:00;445
2014-04-02 23:42:00+01:00;370
2014-04-02 23:43:00+01:00;1019
2014-04-02 23:44:00+01:00;754
2014-04-02 23:45:00+01:00;595
2014-04-02 23:46:00+01:00;495
2014-04-02 23:47:00+01:00;721
2014-04-02 23:48:00+01:00;335
2014-04-02 23:49:00+01:00;1009
2014-04-02 23:50:00+01:00;758
2014-04-02 23:51:00+01:00;589
2014-04-02 23:52:00+01:00;776
2014-04-02 23:53:00+01:00;1217
2014-04-02 23:54:00+01:00;718
2014-04-02 23:55:00+01:00;953
2014-04-02 23:56:00+01:00;873
2014-04-02 23:57:00+01:00;463
2014-04-02 23:58:00+01:00;1042
2014-04-02 23:59:00+01:00;400
2014-04-03 00:00:00+01:00;787
2014-04-03 00:01:00+01:00;882
2014-04-03 00:02:00+01:00;532
2014-04-03 00:03:00+01:00;1212
2014-04-03 00:04:00+01:00;529
2014-04-03 00:05:00+01:00;830
2014-04-03 00:06:00+01:00;959
2014-04-03 00:07:00+01:00;780
2014-04-03 00:08:00+01:00;388
2014-04-03 00:09:00+01:00;1232
2014-04-03 00:10:00+01:00;642
2014-04-03 00:11:00+01:00;506
2014-04-03 00:12:00+01:00;1094
2014-04-03 00:13:00+01:00;1149
2014-04-03 00:14:00+01:00;826
2014-04-03 00:15:00+01:00;547
2014-04-03 00:16:00+01:00;412
2014-04-03 00:17:00+01:00;905
2014-04-03 00:18:00+01:00;533
2014-04-03 00:19:00+01:00;752
2014-04-03 00:20:00+01:00;1206
2014-04-03 00:21:00+01:00;888
2014-04-03 00:22:00+01:00;1110
2014-04-03 00:23:00+01:00;697
2014-04-03 00:24:00+01:00;1067
2014-04-03 00:25:00+01:00;1191
2014-04-03 00:26:00+01:00;1053
2014-04-03 00:27:00+01:00;767
2014-04-03 00:28:00+01:00;1139
2014-04-03 00:29:00+01:00;867
2014-04-03 00:30:00+01:00;3607
2014-04-03 00:31:00+01:00;968
2014-04-03 00:32:00+01:00;578
2014-04-03 00:33:00+01:00;729
2014-04-03 00:34:00+01:00;619
2014-04-03 00:35:00+01:00;1099
2014-04-03 00:36:00+01:00;488
2014-04-03 00:37:00+01:00;1268
2014-04-03 00:38:00+01:00;663
2014-04-03 00:39:00+01:00;422
2014-04-03 00:40:00+01:00;388
2014-04-03 00:41:00+01:00;1173
2014-04-03 00:42:00+01:00;748
2014-04-03 00:43:00+01:00;1061
2014-04-03 00:44:00+01:00;884
2014-04-03 00:45:00+01:00;835
2014-04-03 00:46:00+01:00;875
2014-04-03 00:47:00+01:00;867
2014-04-03 00:48:00+01:00;327
2014-04-03 00:49:00+01:00;592
2014-04-03 00:50:00+01:00;879
2014-04-03 00:51:00+01:00;810
2014-04-03 00:52:00+01:00;612
2014-04-03 00:53:00+01:00;768
2014-04-03 00:54:00+01:00;916
2014-04-03 00:55:00+01:00;233
2014-04-03 00:56:00+01:00;367
2014-04-03 00:57:00+01:00;463
2014-04-03 00:58:00+01:00;651
2014-04-03 00:59:00+01:00;781
2014-04-03 01:00:00+01:00;970
2014-04-03 01:01:00+01:00;550
2014-04-03 01:02:00+01:00;331
2014-04-03 01:03:00+01:00;396
2014-04-03 01:04:00+01:00;1124
2014-04-03 01:05:00+01:00;892
2014-04-03 01:06:00+01:00;279
2014-04-03 01:07:00+01:00;1023
2014-04-03 01:08:00+01:00;955
2014-04-03 01:09:00+01:00;832
2014-04-03 01:10:00+01:00;1132
2014-04-03 01:11:00+01:00;492
2014-04-03 01:12:00+01:00;529
2014-04-03 01:13:00+01:00;572
2014-04-03 01:14:00+01:00;1068
2014-04-03 01:15:00+01:00;1078
2014-04-03 01:16:00+01:00;340
2014-04-03 01:17:00+01:00;717
2014-04-03 01:18:00+01:00;1181
2014-04-03 01:19:00+01:00;495
2014-04-03 01:20:00+01:00;1146
2014-04-03 01:21:00+01:00;1166
2014-04-03 01:22:00+01:00;606
2014-04-03 01:23:00+01:00;739
2014-04-03 01:24:00+01:00;1103
2014-04-03 01:25:00+01:00;341
2014-04-03 01:26:00+01:00;1203
2014-04-03 01:27:00+01:00;1128
2014-04-03 01:28:00+01:00;378
2014-04-03 01:29:00+01:00;497
2014-04-03 01:30:00+01:00;378
2014-04-03 01:31:00+01:00;791
2014-04-03 01:32:00+01:00;650
2014-04-03 01:33:00+01:00;986
2014-04-03 01:34:00+01:00;1246
2014-04-03 01:35:00+01:00;1060
2014-04-03 01:36:00+01:00;987
2014-04-03 01:37:00+01:00;948
2014-04-03 01:38:00+01:00;890
2014-04-03 01:39:00+01:00;1146
2014-04-03 01:40:00+01:00;938
2014-04-03 01:41:00+01:00;1018
2014-04-03 01:42:00+01:00;911
2014-04-03 01:43:00+01:00;1041
2014-04-03 01:44:00+01:00;315
2014-04-03 01:45:00+01:00;1009
2014-04-03 01:46:00+01:00;780
2014-04-03 01:47:00+01:00;314
2014-04-03 01:48:00+01:00;602
2014-04-03 01:49:00+01:00;246
2014-04-03 01:50:00+01:00;751
2014-04-03 01:51:00+01:00;577
2014-04-03 01:52:00+01:00;477
2014-04-03 01:53:00+01:00;967
2014-04-03 01:54:00+01:00;876
2014-04-03 01:55:00+01:00;976
2014-04-03 01:56:00+01:00;558
2014-04-03 01:57:00+01:00;883
2014-04-03 01:58:00+01:00;1100
